Id,Label,timeset,componentnumber
"Alvarez, J.","Alvarez, J.",,0
"Zapata, M.","Zapata, M.",,0
"Paillacho, D.","Paillacho, D.",,0
"Tello, J.A.","Tello, J.A.",,0
"Santos, V.","Santos, V.",,1
"Sappa, A.D.","Sappa, A.D.",,1
"Oliveira, M.","Oliveira, M.",,1
"de la Escalera, A.","de la Escalera, A.",,1
"Rocha, E.M.","Rocha, E.M.",,2
"Barra Junior, W.","Barra Junior, W.",,2
"Barra, H.M.","Barra, H.M.",,2
"Lucas Marcillo, K.E.","Lucas Marcillo, K.E.",,2
"Nogueira, F.G.","Nogueira, F.G.",,2
"Ponguillo, R.A.","Ponguillo, R.A.",,1
"Padilla, V.S.","Padilla, V.S.",,1
"Ordoñez, D.M.","Ordoñez, D.M.",,1
"Ortiz-Rojas, M.","Ortiz-Rojas, M.",,1
"Chiluiza, K.","Chiluiza, K.",,1
"Valcke, M.","Valcke, M.",,1
"Tibau, J.","Tibau, J.",,3
"Stewart, M.","Stewart, M.",,3
"Harrison, S.","Harrison, S.",,3
"Tatar, D.","Tatar, D.",,3
"Gautam, A.","Gautam, A.",,3
"Shrestha, C.","Shrestha, C.",,3
"Carneiro, G.","Carneiro, G.",,4
"Nacenta, M.A.","Nacenta, M.A.",,4
"Toniolo, A.","Toniolo, A.",,4
"Méndez, G.G.","Méndez, G.G.",,4
"Quigley, A.J.","Quigley, A.J.",,4
"Cobos, R.","Cobos, R.",,1
"Hernandez, J.","Hernandez, J.",,1
"Abad, A.G.","Abad, A.G.",,1
"Haz, L.","Haz, L.",,5
"Carrera, I.","Carrera, I.",,5
"Molina, M.F.","Molina, M.F.",,5
"Bernal, G.V.S.","Bernal, G.V.S.",,5
"Andrade, X.","Andrade, X.",,1
"Cedeno, J.","Cedeno, J.",,1
"Boza, E.","Boza, E.",,1
"Abad, C.","Abad, C.",,1
"Murillo, J.","Murillo, J.",,1
"Soatti, G.","Soatti, G.",,6
"Savazzi, S.","Savazzi, S.",,6
"Nicoli, M.","Nicoli, M.",,6
"Rampa, V.","Rampa, V.",,6
"Spagnolini, U.","Spagnolini, U.",,6
"Cevallos-Valdiviezo, H.","Cevallos-Valdiviezo, H.",,7
"Van Aelst, S.","Van Aelst, S.",,7
"Torres, J.","Torres, J.",,1
"Vaca, C.","Vaca, C.",,1
"Aragon, H.","Aragon, H.",,1
"Braganza, S.","Braganza, S.",,1
"Boza, E.F.","Boza, E.F.",,1
"Parrales, J.","Parrales, J.",,1
"Abad, C.L.","Abad, C.L.",,1
"Collaguazo Jaramillo, A.","Collaguazo Jaramillo, A.",,1
"Alcivar, R.","Alcivar, R.",,1
"Pesantez, J.","Pesantez, J.",,1
"Ponguillo, R.","Ponguillo, R.",,1
"Echeverria, V.","Echeverria, V.",,1
"Martinez-Maldonado, R.","Martinez-Maldonado, R.",,1
"Shum, S.B.","Shum, S.B.",,1
"Wong-Villacres, M.","Wong-Villacres, M.",,1
"Kumar, N.","Kumar, N.",,1
"DiSalvo, B.","DiSalvo, B.",,1
"Vishwanath, A.","Vishwanath, A.",,1
"Karusala, N.","Karusala, N.",,1
"Aumala, G.","Aumala, G.",,1
"Ortiz-Aviles, L.","Ortiz-Aviles, L.",,1
"Totoy, G.","Totoy, G.",,1
"Ulloa López, L.P.","Ulloa López, L.P.",,8
"Masjuan, M.E.G.","Masjuan, M.E.G.",,8
"Villamagua, O.P.","Villamagua, O.P.",,9
"Terranova, E.","Terranova, E.",,9
"Espinosa, S.R.","Espinosa, S.R.",,9
"Viteri, E.J.","Viteri, E.J.",,9
"Del Pino Espinoza, A.D.","Del Pino Espinoza, A.D.",,10
"Acevedo Pérez, O.R.","Acevedo Pérez, O.R.",,10
"Do, T.H.","Do, T.H.",,1
"Minh Nguyen, D.","Minh Nguyen, D.",,1
"Tsiligianni, E.","Tsiligianni, E.",,1
"Philips, W.","Philips, W.",,1
"Deligiannis, N.","Deligiannis, N.",,1
"Jativa, P.P.","Jativa, P.P.",,11
"Canizares, M.R.","Canizares, M.R.",,11
"Arancibia, C.S.","Arancibia, C.S.",,11
"Freire, J.J.","Freire, J.J.",,11
"Talluri, S.","Talluri, S.",,1
"Łuszczak, A.","Łuszczak, A.",,1
"Iosup, A.","Iosup, A.",,1
"Bezemer, C.-P.","Bezemer, C.-P.",,1
"Eismann, S.","Eismann, S.",,1
"Ferme, V.","Ferme, V.",,1
"Walter, J.","Walter, J.",,1
"Willnecker, F.","Willnecker, F.",,1
"Phan, Q.P.T.","Phan, Q.P.T.",,12
"Rivas, A.A.A.","Rivas, A.A.A.",,12
"Bat, T.","Bat, T.",,12
"Encalada, A.","Encalada, A.",,1
"Orellana Fantoni, C.","Orellana Fantoni, C.",,1
"Gorotiza, J.","Gorotiza, J.",,1
"Pilco, N.","Pilco, N.",,1
"Alcívar, N.S.","Alcívar, N.S.",,13
"Quijije, L.S.","Quijije, L.S.",,13
"Gallegos, D.C.","Gallegos, D.C.",,13
"Fiallos, A.","Fiallos, A.",,1
"Jimenes, K.","Jimenes, K.",,1
"Estrada-Cedeno, P.","Estrada-Cedeno, P.",,1
"Layedra, F.","Layedra, F.",,1
"Castillo-Lopez, G.","Castillo-Lopez, G.",,1
"Solorzano Alcivar, N.I.","Solorzano Alcivar, N.I.",,13
"Gallego, D.C.","Gallego, D.C.",,13
"Quelal, M.M.","Quelal, M.M.",,13
"Bayona, O.","Bayona, O.",,1
"Ochoa, D.","Ochoa, D.",,1
"Criollo, R.","Criollo, R.",,1
"Cevallos-Cevallos, J.","Cevallos-Cevallos, J.",,1
"Liao, W.","Liao, W.",,1
"Ochoa, X.","Ochoa, X.",,1
"Van Gheluwe, C.","Van Gheluwe, C.",,1
"Lopez, A.J.","Lopez, A.J.",,1
"Gautama, S.","Gautama, S.",,1
"Cortez, D.","Cortez, D.",,1
"Cedeno-Mieles, V.","Cedeno-Mieles, V.",,14
"Hu, Z.","Hu, Z.",,14
"Deng, X.","Deng, X.",,14
"Epstein, J.M.","Epstein, J.M.",,14
"Macy, M.W.","Macy, M.W.",,14
"Lopez, S.","Lopez, S.",,15
"Rodriguez, M.","Rodriguez, M.",,15
"Marcillo, K.E.L.","Marcillo, K.E.L.",,2
"De Araujo, R.B.","De Araujo, R.B.",,2
"Junior, W.B.","Junior, W.B.",,2
"Cruz, E.","Cruz, E.",,1
"Kuffó, L.","Kuffó, L.",,1
"Izquierdo, E.","Izquierdo, E.",,1
"Bustamante, J.C.","Bustamante, J.C.",,1
"Rea, F.M.","Rea, F.M.",,16
"Tovar, N.","Tovar, N.",,16
"Barba, M.F.","Barba, M.F.",,16
"Aviles, J.C.","Aviles, J.C.",,16
"Salazar, K.","Salazar, K.",,6
"Ramos, B.","Ramos, B.",,6
"Brito, J.","Brito, J.",,6
"D'Amico, M.","D'Amico, M.",,6
"Mera-Gomez, C.","Mera-Gomez, C.",,17
"Ramirez, F.","Ramirez, F.",,17
"Bahsoon, R.","Bahsoon, R.",,17
"Buyya, R.","Buyya, R.",,17
"Rohoden, K.","Rohoden, K.",,18
"Estrada, R.","Estrada, R.",,18
"Otrok, H.","Otrok, H.",,18
"Dziong, Z.","Dziong, Z.",,18
"Cevallos, H.","Cevallos, H.",,1
"Intriago, G.","Intriago, G.",,1
"Plaza, D.","Plaza, D.",,1
"Intriago, R.","Intriago, R.",,1
"Torres, M.A.R.","Torres, M.A.R.",,19
"Castro, C.A.","Castro, C.A.",,19
"Rider, M.J.","Rider, M.J.",,19
"Villavicencio, M.","Villavicencio, M.",,1
"Oyola, A.","Oyola, A.",,1
"Collaguazo-Jaramillo, A.","Collaguazo-Jaramillo, A.",,1
"Moreira, V.","Moreira, V.",,1
"Lara, P.","Lara, P.",,1
"García, S.","García, S.",,1
"Peláez, E.","Peláez, E.",,1
"Rivadeneira, R.E.","Rivadeneira, R.E.",,1
"Suárez, P.L.","Suárez, P.L.",,1
"Vintimilla, B.X.","Vintimilla, B.X.",,1
"Urquizo, J.","Urquizo, J.",,20
"Calderón, C.","Calderón, C.",,20
"James, P.","James, P.",,20
"Quelal, R.","Quelal, R.",,1
"Mendoza, L.E.","Mendoza, L.E.",,1
"Loor, M.","Loor, M.",,21
"De Tré, G.","De Tré, G.",,21
"Espinoza-Andaluz, M.","Espinoza-Andaluz, M.",,22
"Moyón, A.","Moyón, A.",,22
"Andersson, M.","Andersson, M.",,22
"Flores-Morán, E.","Flores-Morán, E.",,22
"Yánez-Pazmiño, W.","Yánez-Pazmiño, W.",,22
"Espin-Pazmiño, L.","Espin-Pazmiño, L.",,22
"Molina-Miranda, M.","Molina-Miranda, M.",,22
"Guzmán-Real, C.","Guzmán-Real, C.",,22
"Arana, R.C.","Arana, R.C.",,1
"Mena, L.","Mena, L.",,1
"Montes, H.","Montes, H.",,1
"Cajo, R.","Cajo, R.",,1
"Morera, Á.","Morera, Á.",,23
"Sánchez, Á.","Sánchez, Á.",,23
"Sappa, Á.D.","Sappa, Á.D.",,23
"Vélez, J.F.","Vélez, J.F.",,23
"Jácome, G.","Jácome, G.",,24
"Vilela, P.","Vilela, P.",,24
"Yoo, C.","Yoo, C.",,24
"Arévalo-Avecillas, D.","Arévalo-Avecillas, D.",,1
"Padilla-Lozano, C.","Padilla-Lozano, C.",,1
"Pino, R.","Pino, R.",,1
"Botto-Tobar, M.","Botto-Tobar, M.",,22
"Barzola-Monteses, J.","Barzola-Monteses, J.",,22
"Santos-Baquerizo, E.","Santos-Baquerizo, E.",,22
"Lucas-Marcillo, K.E.","Lucas-Marcillo, K.E.",,2
"Plaza Guingla, D.A.","Plaza Guingla, D.A.",,2
"Barra, W.","Barra, W.",,2
"Rios Orellana, S.J.","Rios Orellana, S.J.",,2
"Herrera Muentes, E.V.","Herrera Muentes, E.V.",,2
"Guingla, D.A.P.","Guingla, D.A.P.",,2
"Benavides, D.A.V.","Benavides, D.A.V.",,2
"Recalde, L.","Recalde, L.",,1
"Mendieta, J.","Mendieta, J.",,1
"Boratto, L.","Boratto, L.",,1
"Baquerizo, G.","Baquerizo, G.",,1
"Macarini, L.A.","Macarini, L.A.",,1
"Lemos dos Santos, H.","Lemos dos Santos, H.",,1
"Cechinel, C.","Cechinel, C.",,1
"Alonso, G.E.","Alonso, G.E.",,1
"Díaz, P.","Díaz, P.",,1
"Mac, T.T.","Mac, T.T.",,1
"De Keyser, R.","De Keyser, R.",,1
"Ionescu, C.","Ionescu, C.",,1
"Rottondi, C.","Rottondi, C.",,1
"Verticale, G.","Verticale, G.",,1
"Fraternali, P.","Fraternali, P.",,1
"Hidasi, B.","Hidasi, B.",,1
"Vaca Ruiz, C.K.","Vaca Ruiz, C.K.",,1
"Barreto, M.V.S.","Barreto, M.V.S.",,2
"Abreu, T.W.M.","Abreu, T.W.M.",,2
"Alves, M.S.","Alves, M.S.",,2
"Ortega, A.P.","Ortega, A.P.",,1
"Merrett, G.V.","Merrett, G.V.",,1
"Ramchurn, S.D.","Ramchurn, S.D.",,1
"Ferrin, A.","Ferrin, A.",,1
"Larrea, J.","Larrea, J.",,1
"Realpe, M.","Realpe, M.",,1
"Campana, F.","Campana, F.",,1
"Dominguez, F.","Dominguez, F.",,1
"Mendieta, M.","Mendieta, M.",,1
"Panchana, F.","Panchana, F.",,1
"Andrade, B.","Andrade, B.",,1
"Vintimilla, B.","Vintimilla, B.",,1
"Romero, D.","Romero, D.",,1
"Martinez, C.","Martinez, C.",,1
"Eras, L.","Eras, L.",,1
"Alcivar-Molina, E.","Alcivar-Molina, E.",,1
"Hurel, J.","Hurel, J.",,1
"Teran, E.","Teran, E.",,1
"Loayza, F.R.","Loayza, F.R.",,1
"Diaz, N.","Diaz, N.",,25
"Guerra, J.","Guerra, J.",,25
"Nicola, J.","Nicola, J.",,25
"Sola-Mora, J.","Sola-Mora, J.",,1
"Castro-Valladares, L.","Castro-Valladares, L.",,1
"Nunez-Idrovo, L.","Nunez-Idrovo, L.",,1
"Mora, H.","Mora, H.",,1
"Vaca-Urbano, F.","Vaca-Urbano, F.",,1
"Alvarez-Alvarado, M.S.","Alvarez-Alvarado, M.S.",,1
"Cordova-Villagomez, J.","Cordova-Villagomez, J.",,1
"Recalde, A.","Recalde, A.",,1
"Blazquez, F.","Blazquez, F.",,1
"Endara, I.","Endara, I.",,1
"Cipriano, D.","Cipriano, D.",,1
"Rengifo, J.","Rengifo, J.",,1
"Aller, J.M.","Aller, J.M.",,1
"Hidalgo-Leon, R.","Hidalgo-Leon, R.",,20
"Macias, J.","Macias, J.",,20
"Wu, J.","Wu, J.",,20
"Soriano, G.","Soriano, G.",,20
"De Medeiros, R.L.P.","De Medeiros, R.L.P.",,2
"Romero, J.","Romero, J.",,1
"Asanza, V.","Asanza, V.",,1
"Pelaez, E.","Pelaez, E.",,1
"Loayza, F.","Loayza, F.",,1
"Diaz, J.","Diaz, J.",,1
"Valarezo, E.","Valarezo, E.",,1
"Suarez, P.L.","Suarez, P.L.",,1
"Hammoud, R.I.","Hammoud, R.I.",,1
"Villegas, P.","Villegas, P.",,1
"Constantine, A.","Constantine, A.",,1
"Villalba, R.","Villalba, R.",,1
"Alvarez, M.A.","Alvarez, M.A.",,6
"Baidal, C.S.","Baidal, C.S.",,1
"Salazar, D.S.","Salazar, D.S.",,1
"Estrada, R.L.","Estrada, R.L.",,1
"Arreaga, N.X.","Arreaga, N.X.",,1
"Velásquez, W.","Velásquez, W.",,1
"Chalen, M.","Chalen, M.",,1
"Salvachúa, J.","Salvachúa, J.",,1
"Damanik-Ambarita, M.N.","Damanik-Ambarita, M.N.",,26
"Boets, P.","Boets, P.",,26
"Nguyen Thi, H.T.","Nguyen Thi, H.T.",,26
"Dominguez-Granda, L.","Dominguez-Granda, L.",,26
"Goethals, P.L.M.","Goethals, P.L.M.",,26
"Zhao, Y.","Zhao, Y.",,1
"Rugel, G.M.V.","Rugel, G.M.V.",,1
"Dye, M.","Dye, M.",,1
"Schlesinger, A.","Schlesinger, A.",,1
"Pal, J.","Pal, J.",,1
"Gray, M.L.","Gray, M.L.",,1
"Dramico, M.","Dramico, M.",,6
"Nunez, A.","Nunez, A.",,6
"Nolivos, I.","Nolivos, I.",,6
"Winter, J.M.","Winter, J.M.",,6
"Del Rosario, E.","Del Rosario, E.",,6
"A Lvarez, M.A.","A Lvarez, M.A.",,6
"Ricaurte, D.M.T.","Ricaurte, D.M.T.",,27
"Cabezas, M.K.V.","Cabezas, M.K.V.",,27
"Jaramillo, C.M.Z.","Jaramillo, C.M.Z.",,27
"Lucas, P.","Lucas, P.",,1
"Loayza, K.","Loayza, K.",,1
"Castro, S.J.","Castro, S.J.",,1
"Jácome, L.","Jácome, L.",,1
"Concha, A.G.","Concha, A.G.",,1
"Miño, M.F.","Miño, M.F.",,1
"De Lourdes Pilay, M.","De Lourdes Pilay, M.",,1
"Cordova-Garcia, J.","Cordova-Garcia, J.",,1
"Xie, D.-L.","Xie, D.-L.",,1
"Wang, X.","Wang, X.",,1
"Son, D.T.","Son, D.T.",,28
"Chavez, J.P.","Chavez, J.P.",,28
"Siegmund, S.","Siegmund, S.",,28
"Cordova Estrella, R.","Cordova Estrella, R.",,1
"Marin-Garcia, I.","Marin-Garcia, I.",,1
"Munoz-Arcentales, J.A.","Munoz-Arcentales, J.A.",,1
"Velasquez Vargas, W.A.","Velasquez Vargas, W.A.",,1
"MacArini, L.A.","MacArini, L.A.",,1
"Dos Santos, H.L.","Dos Santos, H.L.",,1
"Casas, A.P.","Casas, A.P.",,1
"Alvizu, R.","Alvizu, R.",,29
"Soto, V.","Soto, V.",,29
"Troia, S.","Troia, S.",,29
"Maier, G.","Maier, G.",,29
"Jurado-Verdu, C.","Jurado-Verdu, C.",,1
"Guerra, V.","Guerra, V.",,1
"Rabadan, J.","Rabadan, J.",,1
"Perez-Jimenez, R.","Perez-Jimenez, R.",,1
"Chavez-Burbano, P.","Chavez-Burbano, P.",,1
"Quimba, S.","Quimba, S.",,1
"Luzardo, G.","Luzardo, G.",,1
"Aelterman, J.","Aelterman, J.",,1
"Luong, H.","Luong, H.",,1
"Rousseaux, S.","Rousseaux, S.",,1
"Velasquez, W.","Velasquez, W.",,1
"Salvachua, J.","Salvachua, J.",,1
"Gonzalez, A.","Gonzalez, A.",,1
"Munoz-Arcentales, A.","Munoz-Arcentales, A.",,1
"Rodriguez, J.S.","Rodriguez, J.S.",,1
"Caio, R.","Caio, R.",,1
"Copot, C.","Copot, C.",,1
"Ionescu, C.M.","Ionescu, C.M.",,1
"De Kevser, R.","De Kevser, R.",,1
"Sandoya, F.","Sandoya, F.",,30
"Martínez-Gavara, A.","Martínez-Gavara, A.",,30
"Aceves, R.","Aceves, R.",,30
"Duarte, A.","Duarte, A.",,30
"Martí, R.","Martí, R.",,30
"Vaca, D.","Vaca, D.",,1
"Oviedo, I.D.","Oviedo, I.D.",,1
"Altamirano, C.A.","Altamirano, C.A.",,1
"Millan, M.E.","Millan, M.E.",,1
"Soria, X.","Soria, X.",,1
"Charco, J.L.","Charco, J.L.",,1
"Quelal, R.E.","Quelal, R.E.",,1
"Kumar, A.","Kumar, A.",,1
"Castillo, G.","Castillo, G.",,1
"Guaranda, M.-B.","Guaranda, M.-B.",,1
"Kuffo, L.","Kuffo, L.",,1
"Fiallos, C.","Fiallos, C.",,1
"Figueroa, S.","Figueroa, S.",,1
"Houghton, L.","Houghton, L.",,13
"Sanzogni, L.","Sanzogni, L.",,13
"Brzeski, P.","Brzeski, P.",,28
"Chong, A.S.E.","Chong, A.S.E.",,28
"Wiercigroch, M.","Wiercigroch, M.",,28
"Perlikowski, P.","Perlikowski, P.",,28
"Alomari, A.","Alomari, A.",,1
"April, A.","April, A.",,1
"Monsalve, C.","Monsalve, C.",,1
"Gawanmeh, A.","Gawanmeh, A.",,1
"Hinrichs, U.","Hinrichs, U.",,4
"Evans, H.I.","Evans, H.I.",,1
"Castro, D.","Castro, D.",,1
"Bruckman, A.","Bruckman, A.",,1
"Eyk, E.V.","Eyk, E.V.",,1
"Van Eyk, E.","Van Eyk, E.",,1
"Grohmann, J.","Grohmann, J.",,1
"Bonilla, R.I.","Bonilla, R.I.",,1
"Carrillo, G.E.","Carrillo, G.E.",,1
"Crow, J.J.","Crow, J.J.",,1
"Basantes, L.S.","Basantes, L.S.",,1
"Cruz, L.G.","Cruz, L.G.",,1
"Akbarinia, A.","Akbarinia, A.",,1
"Domínguez, F.","Domínguez, F.",,1
"Guamán, B.","Guamán, B.",,1
"Falcones, G.","Falcones, G.",,1
"Castells, J.","Castells, J.",,1
"Granda, R.","Granda, R.",,1
"Conati, C.","Conati, C.",,1
"Ferguson, R.","Ferguson, R.",,1
"Merceron, A.","Merceron, A.",,1
"Phatak, S.S.","Phatak, S.S.",,1
"Freigoun, M.T.","Freigoun, M.T.",,1
"Martín, C.A.","Martín, C.A.",,1
"Klasnja, P.","Klasnja, P.",,1
"Hekler, E.B.","Hekler, E.B.",,1
"Añazco, E.V.","Añazco, E.V.",,31
"Lopez, P.R.","Lopez, P.R.",,31
"Byun, K.","Byun, K.",,31
"Lee, S.","Lee, S.",,31
"Kim, T.-S.","Kim, T.-S.",,31
"Chalén, T.M.","Chalén, T.M.",,1
"Montoya, A.","Montoya, A.",,1
"Yanez, W.","Yanez, W.",,1
"Kapitaniak, M.","Kapitaniak, M.",,28
"Vaziri, V.","Vaziri, V.",,28
"Páez Chávez, J.","Páez Chávez, J.",,28
"Martin, C.A.","Martin, C.A.",,1
"Pinargote, A.","Pinargote, A.",,1
"Quimis, M.","Quimis, M.",,1
"Romero, C.","Romero, C.",,1
"Ochoa, A.","Ochoa, A.",,1
"Jimenez, A.","Jimenez, A.",,1
"Jurado, D.","Jurado, D.",,1
"Maya, R.","Maya, R.",,1
"Danev, L.","Danev, L.",,0
"Hamann, M.","Hamann, M.",,0
"Fricke, N.","Fricke, N.",,0
"Hollarek, T.","Hollarek, T.",,0
"Singh, P.","Singh, P.",,20
"Kondrath, N.","Kondrath, N.",,20
"Ramirez, E.A.","Ramirez, E.A.",,32
"Helguero, C.G.","Helguero, C.G.",,32
"Amaya, J.L.","Amaya, J.L.",,32
"Khan, F.","Khan, F.",,32
"Kao, I.","Kao, I.",,32
"Siguenza, D.","Siguenza, D.",,20
"Sanchez, C.","Sanchez, C.",,20
"Ortiz, D.","Ortiz, D.",,20
"Valdivieso, C.","Valdivieso, C.",,6
"Dik, D.","Dik, D.",,6
"Novillo, F.","Novillo, F.",,6
"Cordero, M.","Cordero, M.",,6
"Hurtado, K.","Hurtado, K.",,6
"Plaza, J.A.","Plaza, J.A.",,1
"Eslambolchilar, P.","Eslambolchilar, P.",,1
"Salazar, C.","Salazar, C.",,1
"Godoy, C.","Godoy, C.",,1
"Bosquez, C.","Bosquez, C.",,1
"Huilcapi, V.","Huilcapi, V.",,1
"Valle, D.","Valle, D.",,1
"Villavicencio, J.","Villavicencio, J.",,1
"Muñoz, L.","Muñoz, L.",,1
"Molina, M.","Molina, M.",,1
"Veriñaz, H.I.","Veriñaz, H.I.",,1
"Vela, E.M.","Vela, E.M.",,1
"Noboa, C.","Noboa, C.",,33
"Ordóñez, M.","Ordóñez, M.",,33
"Magallanes, J.","Magallanes, J.",,33
"Pincay, J.","Pincay, J.",,1
"Desiderio, K.","Desiderio, K.",,1
"Prado, S.M.M.","Prado, S.M.M.",,34
"Anastacio, J.A.R.","Anastacio, J.A.R.",,34
"Ortiz, K.","Ortiz, K.",,1
"García, J.","García, J.",,1
"Jiménes, K.","Jiménes, K.",,1
"Jiménez, A.","Jiménez, A.",,1
"Rosero, S.","Rosero, S.",,1
"Tapia-Rosero, A.","Tapia-Rosero, A.",,21
"Herrera, E.V.","Herrera, E.V.",,1
"Arce, V.A.","Arce, V.A.",,1
"Molina, K.G.","Molina, K.G.",,1
"Plaza, D.A.","Plaza, D.A.",,1
"Flores, M.","Flores, M.",,1
"Garzon, A.","Garzon, A.",,1
"Arce, V.","Arce, V.",,1
"Coque, S.","Coque, S.",,1
"Da Silva, B.","Da Silva, B.",,1
"Braeken, A.","Braeken, A.",,1
"Touhafi, A.","Touhafi, A.",,1
"Power, T.","Power, T.",,1
"Hayes, C.","Hayes, C.",,1
"Domínguez Ruiz, F.J.","Domínguez Ruiz, F.J.",,35
"Carral Couce, L.M.","Carral Couce, L.M.",,35
"Garcia, J.C.","Garcia, J.C.",,1
"Avendaño, A.","Avendaño, A.",,1
"Garcia, C.","Garcia, C.",,36
"Pinela, A.","Pinela, A.",,36
"Duarte-Martínez, V.","Duarte-Martínez, V.",,37
"López-Herrera, A.G.","López-Herrera, A.G.",,37
"Cobo, M.J.","Cobo, M.J.",,37
"Gutiérrez, F.","Gutiérrez, F.",,1
"Seipp, K.","Seipp, K.",,1
"De Laet, T.","De Laet, T.",,1
"Verbert, K.","Verbert, K.",,1
"Xie, D.","Xie, D.",,1
"Zuo, L.","Zuo, L.",,1
"Guarda, T.","Guarda, T.",,5
"León, M.","León, M.",,5
"Chalén, M.","Chalén, M.",,5
"Arguello, L.","Arguello, L.",,5
"Rodes, V.","Rodes, V.",,1
"Gómez, B.","Gómez, B.",,38
"Valencia, G.","Valencia, G.",,38
"Barrionuevo, O.","Barrionuevo, O.",,38
"Dueñas, D.","Dueñas, D.",,38
"Prieto, L.P.","Prieto, L.P.",,1
"Worsley, M.","Worsley, M.",,1
"Esparragoza, I.E.","Esparragoza, I.E.",,1
"Ocampo, J.","Ocampo, J.",,1
"Rodriguez, J.","Rodriguez, J.",,1
"Lascano, S.","Lascano, S.",,1
"Ivashyn, U.","Ivashyn, U.",,1
"Alonso, J.","Alonso, J.",,6
"Mejía, R.","Mejía, R.",,6
"Hidalgo-León, R.","Hidalgo-León, R.",,20
"Jácome-Ruiz, P.","Jácome-Ruiz, P.",,20
"Castro, R.","Castro, R.",,1
"Vera, K.","Vera, K.",,30
"Lopez-Pires, F.","Lopez-Pires, F.",,30
"Baran, B.","Baran, B.",,30
"Eitzen, H.","Eitzen, H.",,30
"Chicaiza, J.L.","Chicaiza, J.L.",,30
"Murillo, J.R.","Murillo, J.R.",,1
"Sanchez-Zurita, C.","Sanchez-Zurita, C.",,20
"Muñoz-Jadan, Y.","Muñoz-Jadan, Y.",,20
"Ullón, H.","Ullón, H.",,1
"Zambrano, D.","Zambrano, D.",,1
"Nunes, J.B.C.","Nunes, J.B.C.",,1
"Menéndez, J.M.","Menéndez, J.M.",,39
"Steendam, H.","Steendam, H.",,39
"Rodríguez-Echeverría, J.","Rodríguez-Echeverría, J.",,1
"Narvaez, R.B.","Narvaez, R.B.",,1
"Villacis, D.M.","Villacis, D.M.",,1
"Chalen, T.M.","Chalen, T.M.",,1
"Donoso, D.E.O.","Donoso, D.E.O.",,1
"Van Coillie, F.","Van Coillie, F.",,1
"Douglas, A.","Douglas, A.",,1
"Idrovo, R.M.","Idrovo, R.M.",,1
"Valencia, A.J.","Valencia, A.J.",,1
"Lopez, C.S.","Lopez, C.S.",,1
"Saltos, G.","Saltos, G.",,40
"Cocea, M.","Cocea, M.",,40
"Cortez, M.V.","Cortez, M.V.",,41
"Hernández, H.J.E.","Hernández, H.J.E.",,41
"Bracamonte, M.","Bracamonte, M.",,42
"Giménez, J.","Giménez, J.",,42
"Medina, J.","Medina, J.",,42
"Rivera, D.E.","Rivera, D.E.",,1
"Timms, K.P.","Timms, K.P.",,1
"Nandola, N.N.","Nandola, N.N.",,1
"Morales, L.E.M.","Morales, L.E.M.",,1
"Mizouni, R.","Mizouni, R.",,18
"Ouali, A.","Ouali, A.",,18
"Bentahar, J.","Bentahar, J.",,18
"Sundén, B.","Sundén, B.",,22
"Azócar, L.","Azócar, L.",,42
"Hernández Hernández, J.E.","Hernández Hernández, J.E.",,41
"Saraguro-Bravo, R.","Saraguro-Bravo, R.",,43
"Puente-Castro, S.","Puente-Castro, S.",,43
"Quimba-Herrera, S.","Quimba-Herrera, S.",,43
"Costa-Campuzano, J.","Costa-Campuzano, J.",,43
"Desiderio-Sanchez, K.","Desiderio-Sanchez, K.",,43
"Lozano, E.","Lozano, E.",,1
"Cedeño, J.","Cedeño, J.",,1
"Lasso, H.","Lasso, H.",,1
"Velasco, M.","Velasco, M.",,1
"San Lucas, C.","San Lucas, C.",,1
"Vélez, J.","Vélez, J.",,1
"Zambrano, O.","Zambrano, O.",,1
"Ehsan, U.","Ehsan, U.",,1
"Solomon, A.","Solomon, A.",,1
"Buil, M.P.","Buil, M.P.",,1
"Disalvo, B.","Disalvo, B.",,1
"Guingla, D.P.","Guingla, D.P.",,1
"Puente, S.C.","Puente, S.C.",,1
"Madrid, C.E.","Madrid, C.E.",,1
"Alvarado, A.","Alvarado, A.",,1
"Bajaña, B.","Bajaña, B.",,1
"Munoz, J.A.","Munoz, J.A.",,1
"Manzoni, A.","Manzoni, A.",,6
"Santos, J.L.","Santos, J.L.",,6
"San-Lucas, C.","San-Lucas, C.",,1
"Viteri, J.A.","Viteri, J.A.",,1
"Vivas-Cortez, M.J.","Vivas-Cortez, M.J.",,44
"Hernández, J.E.","Hernández, J.E.",,44
"Lucio, L.E.","Lucio, L.E.",,1
"Xie, Q.","Xie, Q.",,1
"Pundir, M.","Pundir, M.",,1
"Lu, Y.","Lu, Y.",,1
"Campbell, R.H.","Campbell, R.H.",,1
"Alcivar, N.I.S.","Alcivar, N.I.S.",,13
"Molenaar, I.","Molenaar, I.",,1
"Dawson, S.","Dawson, S.",,1
"Spikol, D.","Spikol, D.",,1
"Rodríguez-Triana, M.J.","Rodríguez-Triana, M.J.",,1
"Cukurova, M.","Cukurova, M.",,1
"Yánez-Pazmino, W.","Yánez-Pazmino, W.",,1
"Vargas, W.V.","Vargas, W.V.",,1
"Rodríguez, J.S.","Rodríguez, J.S.",,1
"Revelo, H.V.","Revelo, H.V.",,1
"Capel, M.I.","Capel, M.I.",,1
"Veriñaz Jadan, H.I.","Veriñaz Jadan, H.I.",,1
"Martinez Vera, C.R.","Martinez Vera, C.R.",,1
"Espinoza, J.R.","Espinoza, J.R.",,1
"Astudillo, E.","Astudillo, E.",,1
"Romero, D.G.","Romero, D.G.",,1
"Peralta, J.A.","Peralta, J.A.",,1
"Semanjski, I.","Semanjski, I.",,1
"Buckingham Shum, S.","Buckingham Shum, S.",,1
"Alruhaily, N.","Alruhaily, N.",,17
"Mera-Gómez, C.","Mera-Gómez, C.",,17
"Chothia, T.","Chothia, T.",,17
"Aguilera, C.","Aguilera, C.",,1
"Toledo, R.","Toledo, R.",,1
"Vivas-Cortez, M.","Vivas-Cortez, M.",,42
"García, C.","García, C.",,42
"Barzola, J.","Barzola, J.",,45
"Rubini, L.","Rubini, L.",,45
"Azócar, L.A.","Azócar, L.A.",,41
"Gobeyn, S.","Gobeyn, S.",,26
"Volk, M.","Volk, M.",,26
"Carvajal, J.A.","Carvajal, J.A.",,1
"Ramírez, F.","Ramírez, F.",,17
"Martínez-Maldonado, R.","Martínez-Maldonado, R.",,1
"Aray, Y.","Aray, Y.",,46
"Parra, J.G.","Parra, J.G.",,46
"Jiménez, D.M.","Jiménez, D.M.",,46
"Ludena, E.V.","Ludena, E.V.",,46
"Paredes, C.","Paredes, C.",,46
"Aguilera, C.A.","Aguilera, C.A.",,1
"Aguilera, F.J.","Aguilera, F.J.",,1
"Cadena, A.","Cadena, A.",,1
"Carvajal, R.","Carvajal, R.",,1
"Guaman, B.","Guaman, B.",,1
"Barzola, V.E.","Barzola, V.E.",,1
"Recalde, A.A.L.","Recalde, A.A.L.",,47
"Cervantes, D.","Cervantes, D.",,47
"Falcones, S.","Falcones, S.",,47
"Ochoa, K.","Ochoa, K.",,1
"Sacarelo, C.","Sacarelo, C.",,1
"Pita, O.","Pita, O.",,1
"Ayyanar, R.","Ayyanar, R.",,47
"Calderon, C.","Calderon, C.",,20
"Gomez, J.","Gomez, J.",,6
"Romero-Arguello, J.","Romero-Arguello, J.",,6
"Guerrero, E.","Guerrero, E.",,6
"Figueroa, J.","Figueroa, J.",,6
"Suarez, C.","Suarez, C.",,6
"Medina, W.","Medina, W.",,6
"Astaiza, E.","Astaiza, E.",,6
"Jojoa, P.","Jojoa, P.",,6
"Ortiz, J.","Ortiz, J.",,6
"Londono, J.","Londono, J.",,6
"Carvajal Ayala, J.A.","Carvajal Ayala, J.A.",,1
"Dias, P.","Dias, P.",,1
"Moreira, A.P.","Moreira, A.P.",,1
"Ramirez-Aguilera, A.M.","Ramirez-Aguilera, A.M.",,1
"Vlacic, L.","Vlacic, L.",,1
"Irving, V.C.","Irving, V.C.",,48
"Harlyn, P.O.","Harlyn, P.O.",,48
"Marjorie, C.T.","Marjorie, C.T.",,48
"Washington, V.V.","Washington, V.V.",,48
"Jimmy Banchon, Z.","Jimmy Banchon, Z.",,1
"Palma Olate, J.M.","Palma Olate, J.M.",,49
"De Paula Carvalho, L.","De Paula Carvalho, L.",,49
"De Castro Golcalves, A.P.","De Castro Golcalves, A.P.",,49
"Galarza Morales, C.E.","Galarza Morales, C.E.",,49
"Marcorin De Oliveira, A.","Marcorin De Oliveira, A.",,49
"Vandenheste, S.","Vandenheste, S.",,4
"Alcivar, I.","Alcivar, I.",,1
"Bronselaer, A.","Bronselaer, A.",,21
"De Mol, R.","De Mol, R.",,21
"Suárez, S.","Suárez, S.",,1
"Vergara, C.","Vergara, C.",,1
"Greer, J.","Greer, J.",,1
"Molinaro, M.","Molinaro, M.",,1
"Mckay, T.","Mckay, T.",,1
"Weibel, N.","Weibel, N.",,1
"Oviatt, S.","Oviatt, S.",,1
"Armijos, A.F.","Armijos, A.F.",,1
"Ullón, R.H.","Ullón, R.H.",,1
"Maya, R.D.","Maya, R.D.",,1
"Romero, J.A.","Romero, J.A.",,1
"Velasquez, F.","Velasquez, F.",,6
"Vélez, C.","Vélez, C.",,6
"Kortum, M.","Kortum, M.",,6
"Gómez, J.","Gómez, J.",,6
"Quiñonez, Y.","Quiñonez, Y.",,1
"Sanga, B.R.","Sanga, B.R.",,1
"Villavicencio, A.M.","Villavicencio, A.M.",,1
"Alvia, S.V.","Alvia, S.V.",,1
"Medina, C.V.","Medina, C.V.",,1
"Jadan, H.I.V.","Jadan, H.I.V.",,1
"Vera, C.R.M.","Vera, C.R.M.",,1
"Intriago, R.P.","Intriago, R.P.",,1
"Salgado, W.G.","Salgado, W.G.",,1
"Hidalgo, J.I.","Hidalgo, J.I.",,1
"Aguilar, P.A.","Aguilar, P.A.",,1
"Echeverría, V.","Echeverría, V.",,1
"Garcia, K.C.","Garcia, K.C.",,1
"Cevallos, J.","Cevallos, J.",,1
"Vargas, G.","Vargas, G.",,1
"Wong-Villacrés, M.","Wong-Villacrés, M.",,1
"Ortiz, M.","Ortiz, M.",,1
"Kouki, A.","Kouki, A.",,16
"Sen, R.","Sen, R.",,1
"Quercia, D.","Quercia, D.",,1
"Ruiz, C.V.","Ruiz, C.V.",,1
"Gummadi, K.P.","Gummadi, K.P.",,1
"Aguirre-Munizaga, M.","Aguirre-Munizaga, M.",,50
"Gomez, R.","Gomez, R.",,50
"Aviles, M.","Aviles, M.",,50
"Vasquez, M.","Vasquez, M.",,50
"Recalde-Coronel, G.","Recalde-Coronel, G.",,50
"Espinoza-Mina, M.A.","Espinoza-Mina, M.A.",,51
"Suárez-Riofrío, P.L.","Suárez-Riofrío, P.L.",,51
"Poujol, J.","Poujol, J.",,1
"Danos, E.","Danos, E.",,1
"Chavez, T.","Chavez, T.",,6
"Cevallos, O.","Cevallos, O.",,6
"Forio, M.A.E.","Forio, M.A.E.",,26
"Van Echelpoel, W.","Van Echelpoel, W.",,26
"Brusilovsky, P.","Brusilovsky, P.",,1
"Sharples, M.","Sharples, M.",,1
"Alves, G.R.","Alves, G.R.",,1
"Ternier, S.","Ternier, S.",,1
"Seabra Lopes, L.","Seabra Lopes, L.",,1
"Lim, G.H.","Lim, G.H.",,1
"Tome, A.M.","Tome, A.M.",,1
"Plata, W.","Plata, W.",,6
"Almeida, M.D.C.","Almeida, M.D.C.",,6
"Diaz-Boladeras, M.","Diaz-Boladeras, M.",,0
"Angulo, C.","Angulo, C.",,0
"Gonzalez-Dieguez, J.","Gonzalez-Dieguez, J.",,0
"Albo-Canals, J.","Albo-Canals, J.",,0
"Grafsgaard, J.F.","Grafsgaard, J.F.",,1
"Calero, V.","Calero, V.",,1
"Marin, I.","Marin, I.",,1
"Chavez, P.","Chavez, P.",,1
"Perez, R.","Perez, R.",,1
"Espinoza, H.","Espinoza, H.",,52
"Codina, R.","Codina, R.",,52
"Badia, S.","Badia, S.",,52
"Astudillo, G.","Astudillo, G.",,18
"Kadoch, M.","Kadoch, M.",,18
"Santos, J.","Santos, J.",,6
"Chávez, T.","Chávez, T.",,6
"Granda, R.X.","Granda, R.X.",,1
"Agila, W.","Agila, W.",,1
Palma O.,Palma O.,,53
J.M.,J.M.,,53
"Carvalho, L.D.P.","Carvalho, L.D.P.",,53
"Gonçalves, A.P.C.","Gonçalves, A.P.C.",,53
"Galarza, C.E.","Galarza, C.E.",,53
"De Oliveira, A.M.","De Oliveira, A.M.",,53
"Berrezueta, E.","Berrezueta, E.",,54
"González-Menéndez, L.","González-Menéndez, L.",,54
"Ordóñez-Casado, B.","Ordóñez-Casado, B.",,54
"Olaya, P.","Olaya, P.",,54
"Duval, E.","Duval, E.",,1
"Klerkx, J.","Klerkx, J.",,1
"Parra, D.","Parra, D.",,1
"Ullón, R.","Ullón, R.",,1
"Vásquez, A.","Vásquez, A.",,1
"Jordán, C.I.","Jordán, C.I.",,55
"Jordán, C.J.","Jordán, C.J.",,55
"Abran, A.","Abran, A.",,1
"Muñoz-Arcentles, A.","Muñoz-Arcentles, A.",,1
"Calero-Bravo, V.","Calero-Bravo, V.",,1
"Buestán Benavides, M.","Buestán Benavides, M.",,56
"Van Landeghem, H.","Van Landeghem, H.",,56
"Thompson, W.","Thompson, W.",,6
"Frizera, A.","Frizera, A.",,1
"Bastos, T.F.","Bastos, T.F.",,1
"Bonchi, F.","Bonchi, F.",,1
"Puyosa, H.","Puyosa, H.",,1
"Terán, L.","Terán, L.",,1
"Carrillo, G.","Carrillo, G.",,1
"Luz, S.","Luz, S.",,1
"Rodés, V.","Rodés, V.",,57
"Mustaro, P.N.","Mustaro, P.N.",,57
"Silveira, I.F.","Silveira, I.F.",,57
"Omar, N.","Omar, N.",,57
"Ochôa, X.","Ochôa, X.",,57
"Jin, J.","Jin, J.",,1
"Son, Y.-J.","Son, Y.-J.",,1
"Aiello, L.M.","Aiello, L.M.",,1
"Méndez, G.","Méndez, G.",,1
"García, V.A.","García, V.A.",,6
"Floreano, B.","Floreano, B.",,6
"Muñoz-Arcentales, A.","Muñoz-Arcentales, A.",,1
"Goode, W.","Goode, W.",,58
"Caicedo, G.","Caicedo, G.",,58
"Ramirez, A.D.","Ramirez, A.D.",,59
"Torres, D.","Torres, D.",,59
"Peña, P.","Peña, P.",,59
"Duque-Rivera, J.","Duque-Rivera, J.",,59
"Onkarappa, N.","Onkarappa, N.",,1
"Aguilera-Carrasco, C.A.","Aguilera-Carrasco, C.A.",,1
"López, D.R.","López, D.R.",,1
"Neto, A.F.","Neto, A.F.",,1
"Amato, A.","Amato, A.",,1
"Lumbreras, F.","Lumbreras, F.",,1
"Ricaurte, P.","Ricaurte, P.",,1
"Chilán, C.","Chilán, C.",,1
"Vaca Ruiz, C.","Vaca Ruiz, C.",,1
"Jaimes, A.","Jaimes, A.",,1
"Díaz, M.","Díaz, M.",,0
"González, J.","González, J.",,0
"Mantrach, A.","Mantrach, A.",,1
"Saerens, M.","Saerens, M.",,1
"Martinez, M.","Martinez, M.",,1
"Villagra, F.","Villagra, F.",,1
"Fernandez-Seara, M.A.","Fernandez-Seara, M.A.",,1
"Pastor, M.A.","Pastor, M.A.",,1
"Gomez, J.C.","Gomez, J.C.",,1
"Moens, M.-F.","Moens, M.-F.",,1
"Briones, J.M.","Briones, J.M.",,1
"Coronel, M.A.","Coronel, M.A.",,1
"Palavitsinis, N.","Palavitsinis, N.",,1
"Sicilia, M.-A.","Sicilia, M.-A.",,1
"Stoitsis, G.","Stoitsis, G.",,1
"Cai, C.X.","Cai, C.X.",,1
"Ezeta, J.H.","Ezeta, J.H.",,1
"Mandow, A.","Mandow, A.",,1
"Cerezo, A.G.","Cerezo, A.G.",,1
"Yuan, M.","Yuan, M.",,1
"Roberts, N.","Roberts, N.",,1
"Manouselis, N.","Manouselis, N.",,1
"Bosnic, I.","Bosnic, I.",,1
"De Tre, G.","De Tre, G.",,21
"Da Camargo, S.S.","Da Camargo, S.S.",,1
"Alonso, S.S.","Alonso, S.S.",,1
"Luu, H.","Luu, H.",,1
"Derntl, M.","Derntl, M.",,1
"Pardo, A.","Pardo, A.",,1
"Castelletti, A.","Castelletti, A.",,1
"Soncini-Sessa, R.","Soncini-Sessa, R.",,1
"Rizzoli, A.E.","Rizzoli, A.E.",,1
"García-Cerezo, A.","García-Cerezo, A.",,1
"Zou, J.","Zou, J.",,60
"Karr, A.F.","Karr, A.F.",,60
"Banks, D.","Banks, D.",,60
"Lynch, J.","Lynch, J.",,60
"Vera, F.","Vera, F.",,60
"Ferrús, R.","Ferrús, R.",,6
"De Vylder, J.","De Vylder, J.",,1
"Chaerle, L.","Chaerle, L.",,1
"Van Der Straeten, D.","Van Der Straeten, D.",,1
"Ferrus, R.","Ferrus, R.",,6
"Vandeputte, B.","Vandeputte, B.",,1
"Sprock, A.S.","Sprock, A.S.",,57
"Lock, K.","Lock, K.",,26
"Paynabar, K.","Paynabar, K.",,1
"Jin, J.J.","Jin, J.J.",,1
"Basurto, J.C.","Basurto, J.C.",,18
"Agusti, R.","Agusti, R.",,6
"Nasreddine, J.","Nasreddine, J.",,6
"Marcos, X.E.","Marcos, X.E.",,1
"Chiang, L.D.","Chiang, L.D.",,1
"Churchman, M.","Churchman, M.",,6
"Agustí, R.","Agustí, R.",,6
"Helguero, J.","Helguero, J.",,18
"Parra, G.","Parra, G.",,1
"Ordóñez, V.","Ordóñez, V.",,1
"Carrión, R.G.","Carrión, R.G.",,61
"Cabezas, M.V.","Cabezas, M.V.",,61
"Chong, K.","Chong, K.",,62
"Macías, V.","Macías, V.",,62
"Snoeck, M.","Snoeck, M.",,62
"Rizvandi, N.B.","Rizvandi, N.B.",,1
"Pizurica, A.","Pizurica, A.",,1
"Carrion, R.G.","Carrion, R.G.",,61
"Rendon, H.H.","Rendon, H.H.",,61
"Vuorikari, R.","Vuorikari, R.",,1
"Gaspar, J.","Gaspar, J.",,1
"Santos-Victor, J.","Santos-Victor, J.",,1
"Saad, M.","Saad, M.",,1
"Akhrif, O.","Akhrif, O.",,1
"Martińez, A.","Martińez, A.",,63
"Cordero, R.","Cordero, R.",,63
"Rayas, J.A.","Rayas, J.A.",,63
"Puga, H.J.","Puga, H.J.",,63
"Rodríguez-Vera, R.","Rodríguez-Vera, R.",,63
"Liu, Y.","Liu, Y.",,28
"Lin, W.","Lin, W.",,28
"De Sa, R.","De Sa, R.",,28
"Chávez, J.P.","Chávez, J.P.",,28
"Gürbüz, B.","Gürbüz, B.",,28
"Pinto, C.M.A.","Pinto, C.M.A.",,28
"Arcentales, D.","Arcentales, D.",,64
"Silva, C.","Silva, C.",,64
"Vielma, J.","Vielma, J.",,65
"Guale, A.","Guale, A.",,65
"Bozhko, S.","Bozhko, S.",,1
"Atkin, J.","Atkin, J.",,1
"Hill, C.","Hill, C.",,1
"Barahona, G.V.","Barahona, G.V.",,66
"Barreiro, C.M.M.","Barreiro, C.M.M.",,66
"González García, N.","González García, N.",,66
"Barba, M.S.","Barba, M.S.",,66
"Galindo Villardón, M.P.","Galindo Villardón, M.P.",,66
"Schreiter, J.","Schreiter, J.",,28
"Mayr, C.","Mayr, C.",,28
"Castro, L.M.","Castro, L.M.",,53
"Louzada, F.","Louzada, F.",,53
"Lachos, V.H.","Lachos, V.H.",,53
"Pavlovskaia, E.","Pavlovskaia, E.",,28
"Marchan, L.","Marchan, L.",,65
"Pambabay-Calero, J.J.","Pambabay-Calero, J.J.",,67
"Bauz-Olvera, S.A.","Bauz-Olvera, S.A.",,67
"Nieto-Librero, A.B.","Nieto-Librero, A.B.",,67
"Galindo-Villardón, M.P.","Galindo-Villardón, M.P.",,67
"Hernández-González, S.","Hernández-González, S.",,67
"Walker, S.","Walker, S.",,28
"Paéz Chávez, J.","Paéz Chávez, J.",,28
"Simon Chong Escobar, A.","Simon Chong Escobar, A.",,28
"Gonzalez-Lopez, V.A.","Gonzalez-Lopez, V.A.",,53
"Gholizadeh, R.","Gholizadeh, R.",,53
"Yue, Y.","Yue, Y.",,28
"Götz, T.","Götz, T.",,28
"Wijaya, K.P.","Wijaya, K.P.",,28
"Recalde, A.A.","Recalde, A.A.",,68
"Aguilar, C.","Aguilar, C.",,68
"Galarza, L.","Galarza, L.",,68
"Jungmann, D.","Jungmann, D.",,28
"Troussier, N.","Troussier, N.",,69
"Sirina, N.","Sirina, N.",,69
"Adragna, P.-A.","Adragna, P.-A.",,69
"Amaya, J.","Amaya, J.",,69
"Reyes, T.","Reyes, T.",,69
"Bandyopadhyay, D.","Bandyopadhyay, D.",,53
"Galarza Morales, C.","Galarza Morales, C.",,70
"Lachos Davila, V.","Lachos Davila, V.",,70
"Barbosa Cabral, C.","Barbosa Cabral, C.",,70
"Castro Cepero, L.","Castro Cepero, L.",,70
"Voigt, A.","Voigt, A.",,28
"Richter, A.","Richter, A.",,28
"Liao, M.","Liao, M.",,28
"Ing, J.","Ing, J.",,28
"Vivas, M.","Vivas, M.",,71
"Hernández, J.","Hernández, J.",,71
"Merentes, N.","Merentes, N.",,71
"Bravo, G.","Bravo, G.",,20
"Guevara, P.","Guevara, P.",,20
"Porras, F.","Porras, F.",,20
"Heaton, M.J.","Heaton, M.J.",,60
"Banks, D.L.","Banks, D.L.",,60
"Lóczi, L.","Lóczi, L.",,28
"Cordero, R.R.","Cordero, R.R.",,63
"Labbé, F.","Labbé, F.",,63
"Labbe, F.","Labbe, F.",,63
"Martínez, A.","Martínez, A.",,63
"Lira, I.","Lira, I.",,63
"François, M.","François, M.",,63
"Vial-Edwards, C.","Vial-Edwards, C.",,63
"Kim, J.","Kim, J.",,72
"Cao, X.E.","Cao, X.E.",,72
"Finkelstein, J.L.","Finkelstein, J.L.",,72
"Erickson, D.","Erickson, D.",,72
"Mehta, S.","Mehta, S.",,72
"Garzon-Chavez, D.","Garzon-Chavez, D.",,73
"Zurita, J.","Zurita, J.",,73
"Mora-Pinargote, C.","Mora-Pinargote, C.",,73
"Garcia-Bereguiain, M.A.","Garcia-Bereguiain, M.A.",,73
"De Waard, J.H.","De Waard, J.H.",,73
"Ryan, S.J.","Ryan, S.J.",,72
"Mundis, S.J.","Mundis, S.J.",,72
"Aguirre, A.","Aguirre, A.",,72
"Stewart-Ibarra, A.M.","Stewart-Ibarra, A.M.",,72
"Neira, M.","Neira, M.",,72
"Guillen, P.O.","Guillen, P.O.",,74
"Jaramillo, K.B.","Jaramillo, K.B.",,74
"Jennings, L.","Jennings, L.",,74
"Rodríguez, J.","Rodríguez, J.",,74
"Thomas, O.P.","Thomas, O.P.",,74
"Montani, D.A.","Montani, D.A.",,75
"Braga, D.P.A.F.","Braga, D.P.A.F.",,75
"Borges, E.","Borges, E.",,75
"Fraietta, R.","Fraietta, R.",,75
"Lo Turco, E.G.","Lo Turco, E.G.",,75
"Lippi, C.A.","Lippi, C.A.",,72
"Nightingale, R.","Nightingale, R.",,72
"Waggoner, E.","Waggoner, E.",,72
"Granda, M.L.","Granda, M.L.",,76
"Jimenez, W.G.","Jimenez, W.G.",,76
"Cuaical-Ramos, N.M.","Cuaical-Ramos, N.M.",,77
"Montiel, M.","Montiel, M.",,77
"Marcano Zamora, D.","Marcano Zamora, D.",,77
"González-Islas, C.","González-Islas, C.",,78
"García-Bereguiain, M.A.","García-Bereguiain, M.A.",,78
"Alves, G.P.","Alves, G.P.",,75
"Cordeiro, F.B.","Cordeiro, F.B.",,75
"Bruna De Lima, C.","Bruna De Lima, C.",,75
"Nichi, M.","Nichi, M.",,75
"Milazzotto, M.P.","Milazzotto, M.P.",,75
"Soria-Segarra, C.","Soria-Segarra, C.",,79
"Catagua-González, A.","Catagua-González, A.",,79
"Gutiérrez-Fernández, J.","Gutiérrez-Fernández, J.",,79
"Gilces, D.C.V.","Gilces, D.C.V.",,80
"Nieves, R.R.R.","Nieves, R.R.R.",,80
"Abarca, F.L.P.","Abarca, F.L.P.",,80
"Segarra, K.B.S.","Segarra, K.B.S.",,80
"Jiron, M.G.L.","Jiron, M.G.L.",,80
"Echeverría, G.","Echeverría, G.",,73
"Reyna-Bello, A.","Reyna-Bello, A.",,73
"Minda-Aluisa, E.","Minda-Aluisa, E.",,73
"de Waard, J.H.","de Waard, J.H.",,73
"Calabro, K.","Calabro, K.",,74
"Chalén, B.E.","Chalén, B.E.",,74
"Genta-Jouve, G.","Genta-Jouve, G.",,74
"Carrillo, W.","Carrillo, W.",,72
"Lucio, A.","Lucio, A.",,72
"Gaibor, J.","Gaibor, J.",,72
"Morales, D.","Morales, D.",,72
"Vásquez, G.","Vásquez, G.",,72
"Pilau, E.J.","Pilau, E.J.",,75
"Turco, E.G.L.","Turco, E.G.L.",,75
"Adams, M.A.","Adams, M.A.",,1
"Buman, M.P.","Buman, M.P.",,1
"Pazmiño, A.","Pazmiño, A.",,72
"Díaz-Trujillo, C.","Díaz-Trujillo, C.",,81
"Kobayashi, A.K.","Kobayashi, A.K.",,81
"Souza, M.","Souza, M.",,81
"Arango Isaza, R.E.","Arango Isaza, R.E.",,81
"Kema, G.H.J.","Kema, G.H.J.",,81
"Muñoz, Á.G.","Muñoz, Á.G.",,72
"Cárdenas, W.B.","Cárdenas, W.B.",,72
"Bedoya-Pilozo, C.H.","Bedoya-Pilozo, C.H.",,82
"Medina Magües, L.G.","Medina Magües, L.G.",,82
"Espinosa-García, M.","Espinosa-García, M.",,82
"Culasso, A.C.A.","Culasso, A.C.A.",,82
"Badano, I.","Badano, I.",,82
"Ordóñez-Enireb, E.","Ordóñez-Enireb, E.",,72
"Polhemus, M.","Polhemus, M.",,72
"Mustahsan, V.M.","Mustahsan, V.M.",,32
"Parmar, S.","Parmar, S.",,32
"Komatsu, D.E.","Komatsu, D.E.",,32
"Pentyala, S.","Pentyala, S.",,32
"Quinteros, M.F.","Quinteros, M.F.",,72
"Carpio, C.","Carpio, C.",,72
"Álvarez, M.","Álvarez, M.",,72
"Silva, M.","Silva, M.",,72
"Korinek, E.V.","Korinek, E.V.",,1
"Diaz, C.I.E.","Diaz, C.I.E.",,83
"Zambrano, A.Á.M.","Zambrano, A.Á.M.",,83
"Brito, E.G.M.","Brito, E.G.M.",,83
"Avila, N.J.P.","Avila, N.J.P.",,83
"Diaz, V.E.","Diaz, V.E.",,83
"Kenneson, A.","Kenneson, A.",,72
"Endy, T.P.","Endy, T.P.",,72
"Carlson, C.J.","Carlson, C.J.",,72
"King, D.","King, D.",,72
"Daniel, S.","Daniel, S.",,72
"Beltrán-Ayala, E.","Beltrán-Ayala, E.",,72
"Borbor-Cordova, M.J.","Borbor-Cordova, M.J.",,72
"Fogel, D.","Fogel, D.",,84
"Fuentes, J.L.","Fuentes, J.L.",,84
"Soto, L.M.","Soto, L.M.",,84
"Moncayo-Estrada, R.","Moncayo-Estrada, R.",,84
"López, C.","López, C.",,84
"Ville, S.S.","Ville, S.S.",,72
"Ahmed, S.","Ahmed, S.",,72
"Zabala Torrres, B.","Zabala Torrres, B.",,85
"Lucero, Y.","Lucero, Y.",,85
"Lagomarcino, A.J.","Lagomarcino, A.J.",,85
"Torres, J.P.","Torres, J.P.",,85
"O'Ryan, M.","O'Ryan, M.",,85
"Lowe, R.","Lowe, R.",,72
"Petrova, D.","Petrova, D.",,72
"Regato, M.","Regato, M.",,72
"Rodó, X.","Rodó, X.",,72
"Romero Frómeta, E.","Romero Frómeta, E.",,86
"Franco Barcia, A.E.","Franco Barcia, A.E.",,86
"Muylema Montes, J.V.","Muylema Montes, J.V.",,86
"Capote Lavandero, G.","Capote Lavandero, G.",,86
"Rojas Valdés, G.R.","Rojas Valdés, G.R.",,86
"Zambrano, H.","Zambrano, H.",,87
"Waggoner, J.","Waggoner, J.",,87
"León, K.","León, K.",,87
"Lee, A.","Lee, A.",,87
"Mor, G.","Mor, G.",,87
"Cevallos, Ó.L.V.","Cevallos, Ó.L.V.",,88
"Bereguiain, M.Á.G.","Bereguiain, M.Á.G.",,88
"Carlos, M.Á.B.","Carlos, M.Á.B.",,88
"Basanta, G.","Basanta, G.",,89
"Rivas, A.L.","Rivas, A.L.",,89
"Costa e Silva, A.","Costa e Silva, A.",,89
"Dìaz, E.","Dìaz, E.",,89
"Herman, H.S.","Herman, H.S.",,72
"Ho, T.","Ho, T.",,90
"Quito-Avila, D.","Quito-Avila, D.",,90
"Keller, K.E.","Keller, K.E.",,90
"Martin, R.R.","Martin, R.R.",,90
"Tzanetakis, I.E.","Tzanetakis, I.E.",,90
"Penafiel, D.","Penafiel, D.",,91
"Termote, C.","Termote, C.",,91
"Lachat, C.","Lachat, C.",,91
"Kolsteren, P.","Kolsteren, P.",,91
"Van Damme, P.","Van Damme, P.",,91
"Díaz, E.","Díaz, E.",,89
"Mauco, S.","Mauco, S.",,89
"González, G.","González, G.",,89
"Rivas, A.","Rivas, A.",,89
"Escobar, L.E.","Escobar, L.E.",,72
"Qiao, H.","Qiao, H.",,72
"Polhemus, M.E.","Polhemus, M.E.",,72
"Baykara, H.","Baykara, H.",,92
"Ilhan, S.","Ilhan, S.",,92
"Levent, A.","Levent, A.",,92
"Öztomsuk, A.","Öztomsuk, A.",,92
"Cornejo, M.","Cornejo, M.",,92
"Gallegos-Ayala, G.","Gallegos-Ayala, G.",,93
"Furdea, A.","Furdea, A.",,93
"Takano, K.","Takano, K.",,93
"Flor, H.","Flor, H.",,93
"Birbaumer, N.","Birbaumer, N.",,93
"Stewart, A.M.","Stewart, A.M.",,72
"Cardenas, W.","Cardenas, W.",,72
"Wildgruber, M.","Wildgruber, M.",,93
"Silvoni, S.","Silvoni, S.",,93
"Soekadar, S.R.","Soekadar, S.R.",,93
"Stewart Ibarra, A.M.","Stewart Ibarra, A.M.",,72
"Luzadis, V.A.","Luzadis, V.A.",,72
"Borbor Cordova, M.J.","Borbor Cordova, M.J.",,72
"Ayala, E.B.","Ayala, E.B.",,72
"Stewart-Ibarra, M.A.","Stewart-Ibarra, M.A.",,94
"Muñoz, G.Á.","Muñoz, G.Á.",,94
"Ryan, J.S.","Ryan, J.S.",,94
"Recalde-Coronel, G.C.","Recalde-Coronel, G.C.",,94
"Rivero, K.","Rivero, K.",,94
"Leyva-Grado, V.H.","Leyva-Grado, V.H.",,72
"Mubareka, S.","Mubareka, S.",,72
"Krammer, F.","Krammer, F.",,72
"Palese, P.","Palese, P.",,72
"Dominguez-Granda, L.E.","Dominguez-Granda, L.E.",,95
"Goethals, P.L.","Goethals, P.L.",,95
"De Pauw, N.","De Pauw, N.",,95
"Matamoros, D.","Matamoros, D.",,96
"Vanrolleghem, P.A.","Vanrolleghem, P.A.",,96
"Saraiva, E.","Saraiva, E.",,97
"Fampa, P.","Fampa, P.",,97
"Cedeno, V.","Cedeno, V.",,97
"Mialhe, E.","Mialhe, E.",,97
"Miller, L.H.","Miller, L.H.",,97
"Bouhaben, M.A.","Bouhaben, M.A.",,98
"Vargas, G.R.","Vargas, G.R.",,99
"Sánchez, J.R.P.","Sánchez, J.R.P.",,100
"Goode, A.W.","Goode, A.W.",,101
"Fernández, M.N.P.","Fernández, M.N.P.",,102
