;id;label;community
0;1;SUAREZ, C.;14.0
1;2;KUFFO, L.;0.0
2;3;PAZMINO HERNANDEZ, M.A.;53.0
3;4;PACHECO COELLO, R.;0.0
4;5;BANO HIFONG, M.M.;90.0
5;6;EMERITA, D.;54.0
6;7;ESLAMBOLCHILAR, P.;4.0
7;8;KELLER, K.E.;3.0
8;9;MONTOYA ROMERO, M.E.;89.0
9;10;VASSILIEVA, E.;15.0
10;11;J.M., PEREZ PENA;0.0
11;12;AMANO, Y.;92.0
12;13;CALDERON, MA.F.;97.0
13;14;(...), PEIXE;31.0
14;15;KONDRATH, N.;5.0
15;16;PUENTE, S.C.;19.0
16;17;AMIGO, L.;30.0
17;18;ZHANG, L.;15.0
18;19;DAVALOS, J.;
19;20;FRIAS, J.;30.0
20;21;J.;0.0
21;22;JULIEN, L.;22.0
22;23;DE LOURDES MENDOZA, M.;15.0
23;24;MARTINEZ, A.;12.0
24;25;VALENCIA, G.;79.0
25;26;RYAN, S.J.;1.0
26;27;DIAZ, H.;73.0
27;28;LODEIROS, C.;1.0
28;29;NUNES DA ROCHA, U.;3.0
29;30;CASTELLETTI, A.;64.0
30;31;VASQUEZ, G.;32.0
31;32;VALENTICH SCOTT, P.;1.0
32;33;LOOR, A.;1.0
33;34;RODRIGUEZ, C.R.;5.0
34;35;BALLADARES, C.;2.0
35;36;BRIONES, J.;0.0
36;37;GUERRA, V.;29.0
37;38;YUMBLA, F.;96.0
38;39;MCKAY, T.;0.0
39;40;CORTEZ GALECIO, C.;88.0
40;41;SANTOS, J.L.;
41;42;CASTELLS, J.;0.0
42;43;GUAMAN, B.;0.0
43;44;MENDEZ, G.G.;74.0
44;45;PUGA, M.F.M.;48.0
45;46;CEDENO, C.;3.0
46;47;MAGALLANES, J.;0.0
47;48;LARA, P.;4.0
48;49;VU, V.;9.0
49;50;JARRIN, E.M.;7.0
50;51;SONNENHOLZNER, S.;1.0
51;52;COOPER, C.;95.0
52;53;DESHPANDE, S.;4.0
53;54;ROMERO ARGUELLO, J.;14.0
54;55;RESTREPO, L.;6.0
55;56;ARIAS HIDALGO, M.;10.0
56;57;LEON, R.;40.0
57;58;G., GOETHALS;2.0
58;59;NOBOA PANCHANA, J.;20.0
59;60;GOODE, A.W.;
60;61;Y., REVELO;17.0
61;62;ABAD, C.L.;0.0
62;63;MARIN, M.F.;52.0
63;64;RIVERA, D.E.;4.0
64;65;HINRICHS, U.;74.0
65;66;(...), ENGSTROM OST;13.0
66;67;PAEZ CHAVEZ, J.;6.0
67;68;CHALEN, M.;7.0
68;69;MUNOZ JADAN, Y.;5.0
69;70;GARCIA CEREZO, A.;16.0
70;71;(...), NAM;4.0
71;72;PEREZ, E.;1.0
72;73;P.L.M.;2.0
73;74;CHAERLE, L.;0.0
74;75;CARDENAS, W.B.;63.0
75;76;GALARZA, L.;97.0
76;77;PEREZ, R.;7.0
77;78;P., PUGLLA;1.0
78;79;SEMIDEY, D.;1.0
79;80;M.J., OCHOA;0.0
80;81;R., VALLE;2.0
81;82;T., ORELLANA;2.0
82;83;MARQUEZ PINOARGOTE, C.;11.0
83;84;NAVARRETE, R.;9.0
84;85;LINDA DIAZ, C.;92.0
85;86;ZAMBRANO MONSERRATE, M.A;10.0
86;87;MUNOZ NARANJO, D.;58.0
87;88;TORRES, G.F.;0.0
88;89;GALLINO, V.;4.0
89;90;MANZANO SANTANA, P.I.;2.0
90;91;DOS SANTOS, P.L.;4.0
91;92;SORIA, X.;8.0
92;93;LYNCH, J.L.V.;5.0
93;94;DEKNOCK, A.;2.0
94;95;BORBOR, V.;73.0
95;96;MOSIER, N.J.;3.0
96;97;VINTIMILLA, B.X.;8.0
97;98;GRIENSVEN, A.V.;10.0
98;99;MERCERON, A.;0.0
99;100;(...), AMANO;24.0
100;101;ROMERO, D.G;50.0
101;102;SERRANO, D.;16.0
102;103;MEDINA, J.;27.0
103;104;(...), MYNETT;10.0
104;105;(...), CAJO;4.0
105;106;T. P., RAMOS;4.0
106;107;A.V.;36.0
107;108;J., BONAMI;24.0
108;109;ALVARADO, A.;7.0
109;110;SANCHEZ TIMM, E.;0.0
110;111;GIMENEZ, C.;91.0
111;112;SPIKOL, D.;0.0
112;113;BAYOT, B.N.;50.0
113;114;MARQUES, A.;6.0
114;115;MACIAS, V.;94.0
115;116;ZALDUMBIDE PERALVO, D.;57.0
116;117;J., RIEBESELL;13.0
117;118;IDROVO, R.M.;67.0
118;119;AGUILAR, P.A.;7.0
119;120;AMAYA PESO, C.;20.0
120;121;VALVERDE BAJANA, I.;10.0
121;122;CARRAL COUCE, L.M.;107.0
122;123;DESIDERIO SANCHEZ, K.;56.0
123;124;CHOEZ GUARANDA, I.;2.0
124;125;FRANCO AGURTO, G.L.;2.0
125;126;BOETS, P.;2.0
126;127;WIERCIGROCH, M;6.0
127;128;RODRIGUEZ, A.;69.0
128;129;GUARDERAS, P.F.;5.0
129;130;REALPE, M.;19.0
130;131;(...), GROSSART;1.0
131;132;(...), MARQUEZ;1.0
132;133;(...), RODRIGUEZ TRIANA;0.0
133;134;ROMERO CRESPO, P.L.;76.0
134;135;RATTI, M.;3.0
135;136;WORSLEY, M.;0.0
136;137;MARTIN, C.A.;4.0
137;138;RIEBESELL, U.;13.0
138;139;S., RICHTER;6.0
139;140;MOLLOV, D.;36.0
140;141;CALDERON, F.;17.0
141;142;VALENCIA, A.J.;67.0
142;143;MONTANO, M.;100.0
143;144;CESAR MENDES, J.;77.0
144;145;SABANDO VERA, D.;20.0
145;146;QUELAL, R.;0.0
146;147;JIMENES, K.;0.0
147;148;MALATO, G.;9.0
148;149;GUTIERREZ, L.;5.0
149;150;LIU, H.;4.0
150;151;GAVICA ROMERO, G.R.;20.0
151;152;ECHEVERRIA, F.;1.0
152;153;CARVALHO, L.D.P.;60.0
153;154;M., BRUCKMAN;6.0
154;155;SALINAS DE LEON, P.;44.0
155;156;GONZALEZ, J.;52.0
156;157;DE OLIVEIRA, A.M.;60.0
157;158;RAMIREZ, M.J.;4.0
158;159;ABAD, A.G.;108.0
159;160;PELAEZ, E.;0.0
160;161;JAMES, P.;5.0
161;162;GARCIA, K.C.;0.0
162;163;DA SILVA, L.;12.0
163;164;J.L., REY MENDEZ;28.0
164;165;IZQUIERDO, E.;0.0
165;166;BASTOS, T.F.;8.0
166;167;BRACAMONTE, M.;27.0
167;168;GALLEGO, J.R.;11.0
168;169;YANEZ PAZMINO, W.;7.0
169;170;Y., BONAMI;24.0
170;171;PEREZ JIMENEZ, R;29.0
171;172;POUJOL, J.;8.0
172;173;CORDERO, M.;2.0
173;174;VERA, K.;46.0
174;175;(...), VILLAVICENCIO;0.0
175;176;BARZOLA, J.;23.0
176;177;ROMERO, C.;66.0
177;178;YONCON, R.;50.0
178;179;DE VYLDER, J.;0.0
179;180;GUERRERO, E.;14.0
180;181;(...), LASCANO;1.0
181;182;GALARZA, C.E.;60.0
182;183;SANDOYA, F.;46.0
183;184;LEYVA GRADO, V.H.;63.0
184;185;THOMPSON, F.;1.0
185;186;(...), LIU;1.0
186;187;SECKMEYER, G.;12.0
187;188;(...), CORREA;47.0
188;189;GRANDA, R.X.;0.0
189;190;A., RIEBESELL;1.0
190;191;MARTIN, R.R.;3.0
191;192;AZOCAR, L.A.;71.0
192;193;URIBE, E.;1.0
193;194;(...), CONATI;0.0
194;195;ORTEGA, D.;1.0
195;196;SARAGURO BRAVO, R.;56.0
196;197;VARAJAO, A.F.D.C.;77.0
197;198;ZHANG, X. G.;21.0
198;199;SANTANA, P.M.;2.0
199;200;ORDONEZ, C.;11.0
200;201;E.L., MARTIN;3.0
201;202;JORGE, A.M.;49.0
202;203;(...), SSWAT;1.0
203;204;FIGUEROA, S.;0.0
204;205;I.;47.0
205;206;QUEVEDO, O.;17.0
206;207;BASANTES, L.S.;78.0
207;208;CHAVEZ BURBANO, P.;29.0
208;209;BAHSOON, R.;34.0
209;210;SPAGNOLINI, U.;112.0
210;211;NUNEZ, A.;2.0
211;212;NOGALES, A.;31.0
212;213;CROW, J.J.;78.0
213;214;(...), ORELLANA;2.0
214;215;ARROYO, D.E.;5.0
215;216;JORDA, L.;33.0
216;217;DE TRE, G.;85.0
217;218;AUBRY, C.;5.0
218;219;GALARZA MORALES, C.E.;61.0
219;220;M.J., BERREZUETA;0.0
220;221;MADRID, C.E.;19.0
221;222;ROTH, P.;12.0
222;223;D.P.L., ALBRECHT;22.0
223;224;LUMBRERAS, F.;8.0
224;225;CARRION, R.G.;109.0
225;226;M., OCHOA;3.0
226;227;H. P., RIEBESELL;1.0
227;228;WITT, C.;47.0
228;229;GONZALEZ LEMA, C.;48.0
229;230;TINOCO, D.L.;0.0
230;231;APOLINARIO, W.;1.0
231;232;T.P.;1.0
232;233;SALAZAR, E.X.;5.0
233;234;(...), ORTIZ CORNEJO;1.0
234;235;VERA BERMUDEZ, J.;11.0
235;236;TOURON, N.;28.0
236;237;(...), MANRESA;6.0
237;238;WALKER, S.;6.0
238;239;ALVES, G.R.;0.0
239;240;CASTILLO, R.;82.0
240;241;RAGONEZI, C.;31.0
241;242;FORERO, G.N.;65.0
242;243;PALMA OLATE, J.M.;61.0
243;244;CARVAJAL AYALA, J.A.;8.0
244;245;GAMBOA DELGADO, J.;26.0
245;246;F., REYES MUNOZ;6.0
246;247;(...), EVERAERT;2.0
247;248;GOMEZ, J.;14.0
248;249;ARRIECHE, D.;1.0
249;250;MORALES, M.E.;26.0
250;251;ZABALA, G.;5.0
251;252;LOPEZ PIRES, F.;46.0
252;253;(...), MIRANDA;2.0
253;254;RUIZ, O.;45.0
254;255;FORIO, M.A.E.;2.0
255;256;MENDIETA, M.;4.0
256;257;AYYANAR, R.;68.0
257;258;SANTANA, P.I.M.;70.0
258;259;CORNEJO, M.H.;5.0
259;260;INTRIAGO, R.P.;7.0
260;261;ORTIZ, K.;0.0
261;262;B.X., TOLEDO;8.0
262;263;CARRILLO, Y.;5.0
263;264;M.J., CUKUROVA;0.0
264;265;(...), QUIJANO AVILES;2.0
265;266;TORRES, C.;72.0
266;267;ZAMBRANO, O.;0.0
267;268;L., ZHANG;15.0
268;269;VASQUEZ, A.;0.0
269;270;SAAVEDRA, A.;11.0
270;271;SANTOS VICTOR, J.;19.0
271;272;AGUILERA CARRASCO, C.A.;8.0
272;273;ORDONEZ CASADO, B.;1.0
273;274;NINNESS, B.;86.0
274;275;(...), CEVALLOS CEVALLOS;3.0
275;276;CAERS, M.;2.0
276;277;VAN ROYEN, K.;2.0
277;278;(...), CAI;15.0
278;279;SICILIA, M. A.;0.0
279;280;JACOME RUIZ, P.;5.0
280;281;U., WINDER;13.0
281;282;BOADO, C.;11.0
282;283;DE LA CUADRA, T.;4.0
283;284;LEON, M.;7.0
284;285;ASTUDILLO, E.;0.0
285;286;POLEO, G.;37.0
286;287;ORTEGA MENDEZ, J.A.;0.0
287;288;QUINTEROS TRELLES, A.;83.0
288;289;ESPIN, M.;2.0
289;290;V.;42.0
290;291;VELASQUEZ, W.;7.0
291;292;JORDAN, C.I.;98.0
292;293;PINCAY, J.;0.0
293;294;A., SONNENHOLZNER;1.0
294;295;D., DANIEL;1.0
295;296;A.H.C.;3.0
296;297;BREY, T.;1.0
297;298;MOREIRA, C.;16.0
298;299;GARCIA BUSTOS, S.;45.0
299;300;T., ORELLANA MANZANO;2.0
300;301;LOPEZ, P.R.;4.0
301;302;VACA URBANO, F.;7.0
302;303;MUNOZ, J.A.;7.0
303;304;I., DUVAL;0.0
304;305;MEDINA RODRLGUEZ, B.;41.0
305;306;TOLEDO, R.;8.0
306;307;MENDEZ, G.;0.0
307;308;RECALDE, A.A.L.;68.0
308;309;FREITES, L.;1.0
309;310;PIGUAVE, X.;2.0
310;311;CARRILLO, G.E.;0.0
311;312;(...), ROUSSEAU;22.0
312;313;LUCAS, P.;0.0
313;314;VERINAZ JADAN, H.I.;7.0
314;315;LE MOULLAC, G.;1.0
315;316;BRAIDWOOD, L.;3.0
316;317;(...), BOSNIC;0.0
317;318;VALLEJO BADILLO, M.I.;89.0
318;319;CALLE, P.;9.0
319;320;SVENSSON, J.T.;31.0
320;321;(...), TORRES;9.0
321;322;(...), VITERI;2.0
322;323;LAVID CEDENO, N.;83.0
323;324;(...), SUDIRMAN;65.0
324;325;GALINDO VILLARDON, M.P.;11.0
325;326;HOLLAREK, T.;55.0
326;327;(...), SILVA;1.0
327;328;C., ELSEN;5.0
328;329;ABATA, K.;4.0
329;330;R., NAVARRETE;2.0
330;331;GAVINO ARMIJOS, L.A.;87.0
331;332;A., AGUIRRE;9.0
332;333;ORTIZ, M.;0.0
333;334;FRATERNALI, P.;64.0
334;335;(...), LI;18.0
335;336;ROSERO BARZOLA, C.;20.0
336;337;MAGANN, A.B.;4.0
337;338;VINTIMILLA, B.X;19.0
338;339;PISSULLA, D.;12.0
339;340;JARAMILLO, V.G.;25.0
340;341;RODRIGUEZ PESANTES, D.;1.0
341;342;BRUSILOVSKY, P.;0.0
342;343;LAVAYEN LEON, M.L.;90.0
343;344;GAUTAMA, S.;19.0
344;345;G., CASTELLS;0.0
345;346;RAMOS, B.;2.0
346;347;IAN, S. T.;54.0
347;348;ERAZO, B.;8.0
348;349;(...), STERN;1.0
349;350;ALRUHAILY, N.;34.0
350;351;(...), LAVENS;2.0
351;352;VERGARA, C.;0.0
352;353;(...), OCHOA;0.0
353;354;AGUIRRE, A.A.;4.0
354;355;REYES LUJAN, J.;4.0
355;356;BONILLA BERMEO, J.;89.0
356;357;ASTAIZA, E.;14.0
357;358;FIGUEROA, J.;14.0
358;359;ONKARAPPA, N.;8.0
359;360;HUILCAPI, V.;1.0
360;361;QUIMBA HERRERA, S.;56.0
361;362;J., LAROZE;12.0
362;363;CABANAS, D.;3.0
363;364;CHICA, E.J.;103.0
364;365;FREIGOUN, M.T.;4.0
365;366;O., SANTOS ORDONEZ;0.0
366;367;BOHORQUEZ CRUZ, M.;1.0
367;368;(...), MEERS;10.0
368;369;M.J., SVENNING;40.0
369;370;TORRES, J.;0.0
370;371;HERNANDEZ HERNANDEZ, J.E.;71.0
371;372;QUIJANO AVILES, M.F.;2.0
372;373;(...), PERALTA;3.0
373;374;STEWART, A.M.;1.0
374;375;LUDENA, E.V.;5.0
375;376;VAN DER STRAETEN, D.;0.0
376;377;CRIOLLO, R.;2.0
377;378;BACH, L.T.;1.0
378;379;CHILUIZA, K.;0.0
379;380;A., ORTIZ;6.0
380;381;AVILES, J.C.;106.0
381;382;APARISI, F.;45.0
382;383;MUENTES, E.H.;52.0
383;384;GUEVARA, M.;1.0
384;385;I;35.0
385;386;NANDAKUMAR, K.;6.0
386;387;SANCHEZ ZURITA, C.;5.0
387;388;J.J.;9.0
388;389;MOLINARO, M.;0.0
389;390;DANOS, E.;8.0
390;391;THOMAS, A.L.;3.0
391;392;MUNOZ, L.D.;4.0
392;393;BONIFAZ, M.J.;44.0
393;394;(...), BOERO;5.0
394;395;MUNOZ NARANJO, M.;58.0
395;396;PAREDES, C.;75.0
396;397;MANOUSELIS, N.;0.0
397;398;GUERRERO, C.;6.0
398;399;GUARANDA, M. B.;4.0
399;400;J., GUAMAN;0.0
400;401;AMAYA, J.L.;35.0
401;402;CECHINEL, C.;0.0
402;403;(...), RUIZ;3.0
403;404;QUEZADA, E.;10.0
404;405;CEVALLOS CEVALLOS, J.M.;3.0
405;406;MORANTE, F.;5.0
406;407;SUAREZ QUIRUMBAY, K.B.;2.0
407;408;(...), CARRION;1.0
408;409;PEREZ, L.;1.0
409;410;ARENAS, D.;91.0
410;411;(...), ROMERO;8.0
411;412;OCHOA AVILES, A.;2.0
412;413;KAPITANIAK, M.;6.0
413;414;KLERKX, J.;0.0
414;415;ZAMANI, M.;86.0
415;416;NARVAEZ, E.;0.0
416;417;LABBE, F.;12.0
417;418;PADILLA, V.S.;7.0
418;419;OLIVEIRA, M.;8.0
419;420;E., OCHOA;0.0
420;421;ESCOBAR, L.E.;40.0
421;422;ARGUELLO GUEVARA, W.;1.0
422;423;ORTIZ MOREJON, E.;20.0
423;424;D'AMICO, M.;2.0
424;425;RAYAS, J.A.;12.0
425;426;NAVARRETE, W.P.;25.0
426;427;V.R., GRANDA;9.0
427;428;AGUILAR BOHORQUEZ, J.;10.0
428;429;HOUBRAKEN, M.;2.0
429;430;CROUE, J. P.;5.0
430;431;SAENZ DE VITERI JESSICA, G.;49.0
431;432;CALERO, V.;7.0
432;433;STEWART IBARRA, A.M.;1.0
433;434;ROSADO, J.A.;102.0
434;435;MARTINEZ MALDONADO, R.;0.0
435;436;SANDOVAL DENIS, M.;21.0
436;437;C., VILLALBA;5.0
437;438;MUNOZ, M.;1.0
438;439;GARCIA, J.C.;0.0
439;440;ANDERSSON, M.;23.0
440;441;O.P.;39.0
441;442;VILLANUEVA, R.;5.0
442;443;ZAMBRANO, D.;0.0
443;444;MORA PINARGOTE, C.A.;3.0
444;445;NACIPUCHA, D.;95.0
445;446;VILLACRESES, K.B.;25.0
446;447;PAVLOVSKAIA, E.;6.0
447;448;TERNIER, S.;0.0
448;449;MIRANDA, M.;2.0
449;450;CARPIO, C.;32.0
450;451;MOLINA, M.G.;7.0
451;452;HELGUERO, M.;0.0
452;453;FRICKE, N.;55.0
453;454;VACA RUIZ, C.;64.0
454;455;PEREZ JIMENEZ, R.;29.0
455;456;MONTES DE OCA PORTO, R.;3.0
456;457;ALVAREZ, M.A.;112.0
457;458;GUITARRA, S.;75.0
458;459;IONESCU, C.M.;1.0
459;460;NGUYEN, T.H.T.;2.0
460;461;DOMINGUEZ GRANDA, L.E.;44.0
461;462;CASTILLO, G.;4.0
462;463;(...), PEREZ MARTINEZ;21.0
463;464;PAREDES, R.;41.0
464;465;MARCILLO GALLINO, E.;58.0
465;466;(...), BAREA;43.0
466;467;BELLERBY, R.G.J.;1.0
467;468;SANCHEZ, E.;2.0
468;469;GONZALEZ, A.;7.0
469;470;BARRAGAN LUCAS, A.D.;2.0
470;471;VARGAS, J.;3.0
471;472;MORALES CARRERA, A.M.;77.0
472;473;S., SOSA;21.0
473;474;MARTINEZ VILLALUENGA, C.;30.0
474;475;VIRKKALA, N.;1.0
475;476;WASHINGTON, V.V.;80.0
476;477;(...), TERNIER;0.0
477;478;ACOSTA, V.;1.0
478;479;(...), BORBOR CORDOVA;40.0
479;480;PEREZ, F.;2.0
480;481;GARCIA GARIZABAL, I.;33.0
481;482;GRANDA, R.;0.0
482;483;ALCIVAR, G.;1.0
483;484;TAVARES, W.L.;38.0
484;485;VOLK, M.;10.0
485;486;VAZIRI HAMANEH, V.;6.0
486;487;PRIETO, L.P.;0.0
487;488;MIRANDA MARTINEZ, M.;3.0
488;489;PINDO, J.C.;10.0
489;490;(...), PANCHANA;6.0
490;491;(...), MAEDA MARTINEZ;1.0
491;492;PITA, O.;0.0
492;493;VILLAMAR, R.M.;
493;494;OCHOA, X;0.0
494;495;FRIZERA, A.;8.0
495;496;DANYLUK, M.D.;3.0
496;497;VILLAVICENCIO, A.M.;7.0
497;498;YANEZ, W.;7.0
498;499;E., CHILUIZA;0.0
499;500;BOERO, A.J.;5.0
500;501;SANCHEZ, J.R.P.;
501;502;ROMERO FEREIRA, P.;1.0
502;503;GUALE, A.;50.0
503;504;BASTIDAS, L.;2.0
504;505;J.A.;4.0
505;506;JARAMILLO, K.B.;39.0
506;507;DA SILVA, B.;0.0
507;508;ULLOA, N.A.;5.0
508;509;SOLANO SOLANO, J.;57.0
509;510;ALAVA, H.E.;59.0
510;511;Y.C., BALIGAR;18.0
511;512;HOUGHTON, L.;81.0
512;513;FENG, Y.;13.0
513;514;FINKELSTEIN, J.L.;1.0
514;515;WOUTERS, R.;2.0
515;516;CORTEZ, M.V.;71.0
516;517;REUTER, H.;65.0
517;518;MURRIETA OQUENDO, M.E.;90.0
518;519;(...), INSUASTI;3.0
519;520;MENDOZA, A.A.;3.0
520;521;DE TROYER, N.;2.0
521;522;CARRION, P.C.M.;77.0
522;523;(...), MIALHE;1.0
523;524;ALONSO, S.S.;0.0
524;525;(...), RODRIGUEZ;1.0
525;526;(...), MORVAN;0.0
526;527;ROMERO, J.;0.0
527;528;LAURYSSEN, F.;18.0
528;529;SINGH, P.;5.0
529;530;LEMOS, G.;14.0
530;531;GONZALEZ, V.H.;25.0
531;532;DE NEVE, J.;2.0
532;533;H., ROUSSEAU;22.0
533;534;MILDENBERGER, T.K.;65.0
534;535;PAILLACHO, D.;55.0
535;536;SALAS, D.A.;5.0
536;537;PUGA, H.J.;12.0
537;538;ORIHUELA, B.;73.0
538;539;D., NAVARETTE;0.0
539;540;CORNEJO RODRIGUEZ, M.H.;1.0
540;541;DONOSO, N.;10.0
541;542;MARIN GARCIA, I.;29.0
542;543;STANISH, C.;69.0
543;544;DA CAMARGO, S.S.;0.0
544;545;(...), HOANG;2.0
545;546;D., LIU;1.0
546;547;BERMUDEZ, J.R.;13.0
547;548;TERAN, E.;16.0
548;549;D., MEJIA;8.0
549;550;OVALLE, K.;72.0
550;551;O., PERALTA;3.0
551;552;SALVACHUA, J.;7.0
552;553;DAMIANI, A.;12.0
553;554;DUMONT, J.F.;0.0
554;555;K., YOO;4.0
555;556;CASTRO, R.;14.0
556;557;CORNEJO, F.;30.0
557;558;VILLALBA, J.L.;5.0
558;559;MENDIETA, J.;0.0
559;560;DOMINGUEZ, F.;0.0
560;561;CAMPOVERDE AGUIRRE, R.;20.0
561;562;CORNEJO GRUNAUER, M.P.;4.0
562;563;(...), FALCONES;0.0
563;564;(...), GALINDO CASTRO;37.0
564;565;TAPIA ROSERO, A.;85.0
565;566;DOMINGUEZ CUESTA, M.J.;1.0
566;567;REYES OJEDIS, C.;44.0
567;568;CORNEJO FRANCO, J.F.;3.0
568;569;EVANS, H.I.;6.0
569;570;DE CASTRO GOLCALVES, A.P.;61.0
570;571;A., ARNHOLDT SCHMITT;31.0
571;572;SAVAZZI, S.;2.0
572;573;JARAMILLO JUAN, P.;49.0
573;574;BOUREZ, L.;22.0
574;575;VILELA, P.;4.0
575;576;MOLINA, B.;84.0
576;577;TERUEL, J.A.;6.0
577;578;GONZABAY, W.O.;25.0
578;579;J., ORTIZ;5.0
579;580;GARCIA, J.;0.0
580;581;PASTUIZACA FERNANDEZ, M.N.;11.0
581;582;MARTINEZ VERA, C.R.;7.0
582;583;LIVINGSTON, C.V.;51.0
583;584;MIGUEL ESCUDERO, R.;20.0
584;585;S.;1.0
585;586;MENDOZA JIMENEZ, M.;10.0
586;587;FRAPPART, F.;8.0
587;588;T.;43.0
588;589;MOREIRA, D.;5.0
589;590;U.;1.0
590;591;UZCATEGUI SANCHEZ, C.;57.0
591;592;BOZA, E.F.;0.0
592;593;LIAO, W.;2.0
593;594;PARRAGA, C.;17.0
594;595;PAZMINO, A.;32.0
595;596;VEGA, MA.F.C.;48.0
596;597;LIU, Y.;6.0
597;598;ARANDA, F.J.;6.0
598;599;LOCK, K.;2.0
599;600;R.F.;21.0
600;601;L.J.;41.0
601;602;BONILLA, R.I.;78.0
602;603;J.A., ORTIZ;6.0
603;604;YIN, Y.;15.0
604;605;(...), DONA RODRIGEZ;0.0
605;606;(...), VINTIMILLA;8.0
606;607;BARRAGAN, A.;2.0
607;608;E., MONTALVO;18.0
608;609;AVENDANO, A.;0.0
609;610;DALFO, E.;17.0
610;611;CARRILLO, G.;0.0
611;612;CACERES, P.J.;30.0
612;613;(...), LASSO;4.0
613;614;P.L.M., THAS;2.0
614;615;MAYA, R.;0.0
615;616;JUAN, P.;54.0
616;617;SIEGMUND, S.;6.0
617;618;KIM, T. S;4.0
618;619;GARCIA, S.;0.0
619;620;SALAZAR, C.A.;4.0
620;621;BACHERE, E.;0.0
621;622;CABEZAS, M.V.;109.0
622;623;ROMERO ALVAREZ, D.;40.0
623;624;C.E.L.;3.0
624;625;BUYYA, R.;34.0
625;626;(...), ALVAREZ;32.0
626;627;QUIJANO AVILES, M.;2.0
627;628;M., RIEBESELL;1.0
628;629;(...), SHAND;0.0
629;630;D., SORGELOOS;2.0
630;631;LUZARDO, G.;0.0
631;632;FALCONES, G.;0.0
632;633;AZOCAR, L.;27.0
633;634;N., ABASOLO PACHECO;1.0
634;635;DOMINGUEZ GRANDA, L.;10.0
635;636;VANDENHESTE, S.;74.0
636;637;MANDOW, A.;16.0
637;638;JOJOA, P.;14.0
638;639;HE, Z.L.;18.0
639;640;EPPRECHT, E.K.;45.0
640;641;DOUGLAS, A.;67.0
641;642;PONGUILLO, R.A.;7.0
642;643;GRIFFIN, K.;53.0
643;644;M., RODRIGUEZ;0.0
644;645;RODRIGUEZ ESPARRAGON, D.;29.0
645;646;WINTER, J.M.;2.0
646;647;(...), WU;5.0
647;648;MARIA BERMUDEZ MARTINEZ, R.;42.0
648;649;ARNHOLDT SCHMITT, B.;31.0
649;650;SOSA, D.;4.0
650;651;BENAVIDES, M.;72.0
651;652;ZAPATA VIVENES, E.;4.0
652;653;PHILIPS, W.;0.0
653;654;FRANCO, G.H.;0.0
654;655;PAUL, A.J.;1.0
655;656;VASQUEZ, M.;6.0
656;657;B., BALIGAR;18.0
657;658;DELGADO GUERRERO, J.S.;87.0
658;659;ABREU PAYROL, J.;3.0
659;660;M., PERALTA;3.0
660;661;D;0.0
661;662;CAJO, R.;1.0
662;663;LIMA, B.;1.0
663;664;SCHULZ, K.G.;1.0
664;665;MURESAN, C.I.;1.0
665;666;SIGUENZA, D.;5.0
666;667;A.N., HIMMELMAN;1.0
667;668;FIALLOS, C.;0.0
668;669;VARGAS, G.;2.0
669;670;MANTILLA, E.E.;93.0
670;671;FERNANDEZ SILVA, I.;28.0
671;672;SANZOGNI, L.;81.0
672;673;(...), ITURRALDE;0.0
673;674;ORTIZ, J.;14.0
674;675;E., GOETHALS;10.0
675;676;WIERCIGROCH, M.;6.0
676;677;EGUEZ ALAVA, H.;59.0
677;678;T.H.T., GOETHALS;2.0
678;679;X., WORSLEY;0.0
679;680;LONDONO, J.;14.0
680;681;DEL PINO ESPINOZA, A.D.;
681;682;PINARGOTE, A.;0.0
682;683;L.;15.0
683;684;DE BELIE, N.;59.0
684;685;DELGADO, E.;16.0
685;686;DURAN VALSERO, J.J.;76.0
686;687;ARREAGA, N.X.;7.0
687;688;(...), CASTELLS;0.0
688;689;(...), ROBERTS;3.0
689;690;SOLORZANO ALCIVAR, N.I.;81.0
690;691;LOPEZ, C.S.;67.0
691;692;LARA, F.;43.0
692;693;ALVAREZ, R.;3.0
693;694;OCHOA, X.;0.0
694;695;A.E., DEBELS;10.0
695;696;DOMINGUEZ, V.A.;52.0
696;697;CHALEN, T.M.;7.0
697;698;PANOTOPOULOS, G.;62.0
698;699;VIVAS CORTEZ, M.;27.0
699;700;SANGA, B.R.;7.0
700;701;MOLINA POVEDA, C.;26.0
701;702;MAZON SUASTEGUI, J.M.;1.0
702;703;RIASCOS, L.;2.0
703;704;MELENA, J.;24.0
704;705;MONTOYA, L.;16.0
705;706;ESPARRAGOZA, I.E.;1.0
706;707;BLOSCHL, G.;0.0
707;708;(...), VILLE;1.0
708;709;LOOR, J.Z.;25.0
709;710;B.X.;8.0
710;711;GAIBOR NATALY, M.;51.0
711;712;SHEN, W.;3.0
712;713;LANDIVAR, J.;96.0
713;714;GARCIA SALGADO, O.;57.0
714;715;R., STERN;1.0
715;716;T., CEVALLOS;2.0
716;717;ORTEGA, A.;2.0
717;718;PLAZA, J.A.;0.0
718;719;FALCONES, S.;68.0
719;720;PANCHANA, F.A.;50.0
720;721;SANTOS, E.;2.0
721;722;(...), WRIGHT;3.0
722;723;OVIEDO ANCHUNDIA, E.;88.0
723;724;F., KAO;35.0
724;725;C., SONNENHOLZNER;1.0
725;726;ESPINOZA ANDALUZ, M.;23.0
726;727;(...), DYE;6.0
727;728;HERNANDEZ, J.;2.0
728;729;AGILA, W.;1.0
729;730;SANCHEZ, M.I.A.;102.0
730;731;AGUILERA, F.J.;8.0
731;732;NOCEDA, C.;31.0
732;733;CHAVEZ, M.A.;43.0
733;734;OCAMPO, J.;1.0
734;735;MARIN JARRIN, J.R.;44.0
735;736;BAYOT, B.;1.0
736;737;TOUHAFI, A.;0.0
737;738;LOMBEIDA, P.;2.0
738;739;AGUILERA, C.;8.0
739;740;FLORES, B.;16.0
740;741;GONCALVES, A.P.C.;60.0
741;742;SUAREZ RIOFRIO, P.L.;111.0
742;743;(...), VACA;4.0
743;744;VANDEPUTTE, B.;0.0
744;745;GOODE, W.;99.0
745;746;ORTIZ GONZALO, Z.;51.0
746;747;(...), MATAMOROS;8.0
747;748;MOREIRA, A.P;8.0
748;749;(...), RIEBESELL;13.0
749;750;MUBAREKA, S.;63.0
750;751;J.C.;9.0
751;752;FIALLOS, A.;0.0
752;753;P., VAN DER HEYDEN;2.0
753;754;PLAZA EMERITA, D.;49.0
754;755;VITAL, W.F.;9.0
755;756;FENG, W.;15.0
756;757;P., SZOLGAY;0.0
757;758;DIAS, P.;8.0
758;759;LARSEN, A.;13.0
759;760;ULLON, H.;0.0
760;761;KARASIEV, V.V.;5.0
761;762;CARVAJAL, R.;0.0
762;763;HAYES, C.;0.0
763;764;PERALTA, E.L.;3.0
764;765;AGILA, G.;5.0
765;766;QUINTERO, D.;4.0
766;767;AMAYA, R.N.;9.0
767;768;REA, R.;4.0
768;769;U., ENGSTROM OST;13.0
769;770;(...), TERUEL;6.0
770;771;J., MACHIELS;15.0
771;772;MALDONADO, F.;0.0
772;773;QUIMIS, M.;66.0
773;774;OCHOA, D.;0.0
774;775;HAZ, L.;7.0
775;776;NAVARRO, J.C.;100.0
776;777;JOSE MELENA, C.;92.0
777;778;RICAURTE, P.;8.0
778;779;E.L.;3.0
779;780;GONZALEZ JARAMILLO, V.H.;20.0
780;781;FREIRE PENAHERRERA, A.;3.0
781;782;H., VACA;4.0
782;783;MACIAS, J.;5.0
783;784;BARRIE, E.;15.0
784;785;HURTADO, D.A.H.;70.0
785;786;VOLCKAERT, F.A.M.;2.0
786;787;JADAN, H.I.V.;7.0
787;788;O., PERALTA GARCIA;3.0
788;789;LOAYZA, F;4.0
789;790;URQUIZO, J.;5.0
790;791;(...), QUITO AVILA;36.0
791;792;WU, Z.;23.0
792;793;BAQUERIZO, G.;0.0
793;794;(...), ARAY;41.0
794;795;MONSERRATE, L.;9.0
795;796;QUITO AVILA, D.F.;3.0
796;797;PEREZ, C.C.;82.0
797;798;LOAYZA, K.;0.0
798;799;A., RODRIGUEZ;0.0
799;800;AYALA, P.;75.0
800;801;PERUGACHI, R.;6.0
801;802;RODRIGUEZ VERA, R.;12.0
802;803;QUINTEROS, M.F.;32.0
803;804;VELA, E.M.;7.0
804;805;S., NAVARRETE;2.0
805;806;NOEL, D.;0.0
806;807;G., CAI;15.0
807;808;ROLEDA, M.Y.;13.0
808;809;(...), PACHECO;2.0
809;810;GUTIERREZ, Y.;2.0
810;811;HIDALGO, J.I.;7.0
811;812;KRAMMER, F.;63.0
812;813;REVILLA, J.;1.0
813;814;ALBRIGO, L.G.;103.0
814;815;CADENA, A.;0.0
815;816;RIZZOLI, A.E.;64.0
816;817;JIMMY BANCHON, Z.;0.0
817;818;A., VAN BRUGGEN;3.0
818;819;OYOLA, A.;8.0
819;820;VILLAVICENCIO, M.;0.0
820;821;OCHOA, A.;0.0
821;822;GONZALEZ, C.;17.0
822;823;ALVIA, S.V.;7.0
823;824;ARCINIEGAS, S.;6.0
824;825;WU, D.;5.0
825;826;S.S., AHMED;1.0
826;827;DE MOL, J.;19.0
827;828;MENENDEZ AGUADO, J.M.;11.0
828;829;HIDALGO, L.;2.0
829;830;(...), SIEGMUND;6.0
830;831;LIRA, I.;12.0
831;832;JIMENEZ FEIJOO, M.I.;3.0
832;833;ARGUELLO, L.;7.0
833;834;M., MARIUXI JURADO MALDONADO;42.0
834;835;OMAR, N.;0.0
835;836;CORDERO, R.R.;12.0
836;837;MANZANO SANTANA, P.;3.0
837;838;P., SORGELOOS;2.0
838;839;HELGUERO, C.G.;35.0
839;840;ALVAREZ BARRETO, J.F.;4.0
840;841;SUAREZ, S.;0.0
841;842;JURADO, D.;0.0
842;843;RODRIGUEZ, J.S.;7.0
843;844;R.R.;3.0
844;845;ORRALA, M.M.P.;28.0
845;846;PENA CARPIO, E.;11.0
846;847;GUARDA, T.;7.0
847;848;NIEBESKIKWIAT, D.;75.0
848;849;(...), ROMAN;1.0
849;850;L., GOETHALS;2.0
850;851;DESINTONIO, E.;84.0
851;852;PALMA O., J.M.;60.0
852;853;BONELL, M.;0.0
853;854;D., AROZARENA LLOPIS;47.0
854;855;VARGAS, W.V.;7.0
855;856;CEDENO, J.;4.0
856;857;AGUIRRE MUNIZAGA, M.;6.0
857;858;D.C.;3.0
858;859;J., PERALTA GARCIA;3.0
859;860;GUARANDA, I.A.C.;70.0
860;861;MARIDUENA ZAVALA, M.G.;3.0
861;862;(...), NAVARRETE VILLEGAS;0.0
862;863;C., SHUM;0.0
863;864;GOMEZ, R.;6.0
864;865;DE SCHUTTER, G.;59.0
865;866;DUVAL, E.;0.0
866;867;CARRILLO, W.;32.0
867;868;(...), KARPAN;9.0
868;869;(...), CHAVEZ VILLALBA;1.0
869;870;ROJAS, M.;4.0
870;871;LUZ, S.;0.0
871;872;POWER, T.;0.0
872;873;A.;6.0
873;874;LIAO, M.;6.0
874;875;DANEV, L.;55.0
875;876;RAMOS, B.G.;93.0
876;877;JORGE, A.;54.0
877;878;ENDARA, I.;66.0
878;879;CORDERO, R.;12.0
879;880;GONZALEZ JARAMILLO, V.;
880;881;BOURREL, L.;8.0
881;882;VINCES, T.;72.0
882;883;LOH, M.;9.0
883;884;CASTRO, S.J.;0.0
884;885;PUENTE CASTRO, S.;56.0
885;886;CRUZ, L.G.;78.0
886;887;LUCAS, M.;26.0
887;888;MURRIETA, M. E.;11.0
888;889;(...), DOMINGUEZ;9.0
889;890;CASTRO, D.;6.0
890;891;ROMERO, P.;33.0
891;892;N.;37.0
892;893;BRAEKEN, A.;0.0
893;894;MARCILLO MORLA, F.;58.0
894;895;RECALDE CORONEL, G.;6.0
895;896;ZAMORA, G.;5.0
896;897;RODRIGUEZ CASTRO, J.;28.0
897;898;AGUERO, J.C.;86.0
898;899;PEDOJA, K.;47.0
899;900;SHAGARODSKY, T.;21.0
900;901;L., LODEIROS;4.0
901;902;CARDENAS, R.;26.0
902;903;HERNANDEZ, H.J.E.;71.0
903;904;CANDO, E.;16.0
904;905;FERRER, J.;12.0
905;906;ABRAHAO, R.;33.0
906;907;DALE, A.W.;4.0
907;908;GARCIA PLUA, J.C.;87.0
908;909;MUNOZ ARCENTALES, A.;7.0
909;910;VERBERT, K.;0.0
910;911;SONNENHOLZNER, J.;1.0
911;912;M.;0.0
912;913;J. C.;40.0
913;914;DOS SANTOS, H.L.;0.0
914;915;SORIANO, G.;5.0
915;916;LI, D. W.;21.0
916;917;(...), INSHIVOTKINA;17.0
917;918;(...), PELAEZ;0.0
918;919;AHMED, S.;1.0
919;920;RIERA RUIZ, C.;3.0
920;921;MOREIRA, A.P.;8.0
921;922;ROSERO, S.;0.0
922;923;ALVARADO, O.;9.0
923;924;OCHOA, J.B.;3.0
924;925;SACARELO, C.;4.0
925;926;PINELA, A.;27.0
926;927;KLEBER, B.V.;20.0
927;928;K., SCALABRINO;0.0
928;929;DE PAULA CARVALHO, L.;61.0
929;930;VALDEZ, F.;0.0
930;931;ARGUELLO, W.;1.0
931;932;CORNEJO, M.;5.0
932;933;SANTOS ORDONEZ, A.;48.0
933;934;VELASCO, M.;0.0
934;935;(...), BOETS;2.0
935;936;REYES, C.R.;93.0
936;937;(...), CALLE;9.0
937;938;DAMANIK AMBARITA, M.N.;2.0
938;939;PARRA, G.;0.0
939;940;MORALES, L.E.M.;0.0
940;941;KOCH, B.;62.0
941;942;DEMRDASH, H.;6.0
942;943;BASURTO BARCIA, J.;110.0
943;944;RECALDE, A.;66.0
944;945;NIETO LIBRERO, A.B.;11.0
945;946;(...), PERDICOULIS;4.0
946;947;LEON, J.;5.0
947;948;SALCEDO, J.;104.0
948;949;GILBERT JARAMILLO, J.;58.0
949;950;(...), SPANOGHE;2.0
950;951;MONSALVE, C.;0.0
951;952;BEELEN, V.;22.0
952;953;DE LOURDES COBO, M.;2.0
953;954;(...), MOYANO;18.0
954;955;MERCHAN, D.;33.0
955;956;SUNDEN, B.;23.0
956;957;HAMANN, M.;55.0
957;958;CHOEZ, I.;3.0
958;959;MIGUEL, Q.J.;51.0
959;960;SANTOS, A.;17.0
960;961;DIK, D.;14.0
961;962;EPPRECHT, E.;45.0
962;963;DAWSON, S.;0.0
963;964;(...), MAES;2.0
964;965;(...), WANGAI;3.0
965;966;X., PARRA;0.0
966;967;ARDOIN BARDIN, S.;0.0
967;968;O.;2.0
968;969;ORCHE, E.;43.0
969;970;KORTUM, M.;2.0
970;971;CAUSAPE, J.;33.0
971;972;ALMEN, A. K.;13.0
972;973;B.;0.0
973;974;(...), CASTRO;2.0
974;975;CERON, R.;17.0
975;976;IBARRA, M.A.;3.0
976;977;SHERVETTE, V.R.;9.0
977;978;ANAZCO, E.V.;4.0
978;979;LARA, G.;2.0
979;980;A.D.;8.0
980;981;S., IVASHYN;1.0
981;982;(...), ELSEN;15.0
982;983;AGUILERA, C.A.;8.0
983;984;RODRIGUEZ ZURITA, D.;83.0
984;985;K.C., AGUIRRE;9.0
985;986;J.L.;5.0
986;987;VERA, C.R.M.;7.0
987;988;MORA CERVETTO, A.;42.0
988;989;JOSE, C.;49.0
989;990;VERINAZ, H.I.;7.0
990;991;RIDEOUT, S.L.;3.0
991;992;GOMEZ, B.;79.0
992;993;SANTOS, V.;8.0
993;994;RIGAIL CEDENO, A.;105.0
994;995;VULSTEKE, E.;22.0
995;996;LAYEDRA, F.;4.0
996;997;PONGUILLO, R.;0.0
997;998;RODRIGUEZ, M.;4.0
998;999;(...), ABREU PAYROL;3.0
999;1000;HERNANDEZ, J.E.;101.0
1000;1001;SANTANA, E.;0.0
1001;1002;DUENAS, D.;79.0
1002;1003;HARLYN, P.O.;80.0
1003;1004;SHUM, S.B.;0.0
1004;1005;CHICAIZA, J.L.;46.0
1005;1006;S., SONNENHOLZNER;1.0
1006;1007;FRANCOIS, M.;12.0
1007;1008;BAJANA, B.;7.0
1008;1009;HUREL, J.;16.0
1009;1010;A.J., DUQUE RIVERA;5.0
1010;1011;MOLINA, C.;2.0
1011;1012;J.M., PERALTA;3.0
1012;1013;W., LODEIROS;4.0
1013;1014;(...), DOMINGUEZ CUESTA;0.0
1014;1015;(...), IZA;5.0
1015;1016;GARCIA VENCES, D.E.;57.0
1016;1017;GREEN, K.J.;36.0
1017;1018;GASPAR, J.;19.0
1018;1019;GULLIAN, M.;1.0
1019;1020;ASANZA, V.;4.0
1020;1021;HENK VERA, K.A.;10.0
1021;1022;SANCHEZ LOOR, D.A.;10.0
1022;1023;NIETO, J.;2.0
1023;1024;TRAN, L.T.;36.0
1024;1025;AGUIRRE, A.J.L.;19.0
1025;1026;MACHIELS, L.;5.0
1026;1027;RAMIREZ, F.;34.0
1027;1028;INZHIVOTKINA, Y.;17.0
1028;1029;W.E.;9.0
1029;1030;RODRIGUEZ, D.;1.0
1030;1031;SANCHEZ, C.;5.0
1031;1032;JIMENEZ, S.;33.0
1032;1033;NUNES, J.B.C.;0.0
1033;1034;GARCIA ALBAN, F.F.;10.0
1034;1035;ANDRADE VERA, S.;44.0
1035;1036;TSANGOURI, E.;59.0
1036;1037;MOLENAAR, I.;0.0
1037;1038;BARRIOS, J.;4.0
1038;1039;(...), VERVAEREN;22.0
1039;1040;BRUTEMARK, A.;13.0
1040;1041;MEDINA, C.V.;7.0
1041;1042;JIANG, H.;6.0
1042;1043;CAPPUYNS, V.;15.0
1043;1044;CAICEDO, G.;99.0
1044;1045;FERGUSON, R.;0.0
1045;1046;CEVALLOS, J.;2.0
1046;1047;GOMEZ, L.;2.0
1047;1048;F., THOMAS;39.0
1048;1049;SYLVA, A.;84.0
1049;1050;R., SAPPA;8.0
1050;1051;P.D., VAN BRUGGEN;3.0
1051;1052;REYES, C.;2.0
1052;1053;JIMENEZ SANCHEZ, M.;1.0
1053;1054;CALDERON, C.;5.0
1054;1055;SCHREITER, J.;6.0
1055;1056;X.;0.0
1056;1057;R., SALAZAR;4.0
1057;1058;ONA, T.;2.0
1058;1059;(...), CARRASCO;12.0
1059;1060;(...), CANDELL;24.0
1060;1061;RODRIGUEZ, J.A.;91.0
1061;1062;HEKLER, E.B.;4.0
1062;1063;(...), PLAZA;1.0
1063;1064;ABRAN, A.;0.0
1064;1065;(...), ZHANG;6.0
1065;1066;BONILLA, W.;1.0
1066;1067;VELASQUEZ, F.;14.0
1067;1068;MEDINA, W.;14.0
1068;1069;BARGUENO, P.;62.0
1069;1070;HAMMOUD, R.I.;8.0
1070;1071;VOIGT, A.;6.0
1071;1072;(...), LUDWIG;1.0
1072;1073;CERON, J.;17.0
1073;1074;GUAROCHICO MOREIRA, V.H.;23.0
1074;1075;JIMENEZ, A.;0.0
1075;1076;ORMAZA GONZALEZ, F.I.;42.0
1076;1077;SNELLINGS, R.;5.0
1077;1078;CASTRO LARA, J.;3.0
1078;1079;J.H.;1.0
1079;1080;LUO, Z.;3.0
1080;1081;AGUIRRE, W.E.;9.0
1081;1082;BONNARDOT, M. A.;0.0
1082;1083;ZHOU, Q.;6.0
1083;1084;MANZANO, P.I.;3.0
1084;1085;ORELLANA LEON, T.;3.0
1085;1086;RAMOS GARCIA, B.;21.0
1086;1087;(...), CARDENAS;1.0
1087;1088;VELEZ, J.;0.0
1088;1089;PERALTA, J.;16.0
1089;1090;EVERAERT, G.;2.0
1090;1091;AYALA, A.;82.0
1091;1092;GARCIA JANAINA, S.;51.0
1092;1093;VERSTRAETE, W.;15.0
1093;1094;WU, J.;5.0
1094;1095;RUHANEN, L.;95.0
1095;1096;VELEZ, C.;2.0
1096;1097;DA SILVA, G.V.R.;38.0
1097;1098;DE KEYSER, R.;1.0
1098;1099;OCHOA, K.;4.0
1099;1100;J. R.;24.0
1100;1101;BARRIGA, H.R.;20.0
1101;1102;CHAVEZ, J.P.;6.0
1102;1103;(...), STERNER;3.0
1103;1104;P.;2.0
1104;1105;GU, G.;3.0
1105;1106;URDANETA, V.;37.0
1106;1107;ING, J.;6.0
1107;1108;AMATO, A.;8.0
1108;1109;LIU, Q.;6.0
1109;1110;TAPIA BASTIDAS, C.;6.0
1110;1111;VAN DEN HENDE, S.;22.0
1111;1112;VINTIMILLA, B.;19.0
1112;1113;(...), CHAVEZ;2.0
1113;1114;VERA GILCES, P.;10.0
1114;1115;E.;0.0
1115;1116;ECHEVERRIA, V.;0.0
1116;1117;C;2.0
1117;1118;LIGHTLE, D.;3.0
1118;1119;BARZOLA, V.E.;0.0
1119;1120;CHAVEZ, E.;18.0
1120;1121;MACKENSEN, A.K.;1.0
1121;1122;RICAURTE QUIJANO, C.;110.0
1122;1123;RAMIREZ, E.A.;35.0
1123;1124;KENNESON, A.;1.0
1124;1125;COELLO, D.;104.0
1125;1126;VUORIKARI, R.;0.0
1126;1127;BOENTE, C.;11.0
1127;1128;GARCIA, C.;27.0
1128;1129;VENEZUELA, J.;6.0
1129;1130;N., ALAVA;9.0
1130;1131;IRVING, V.C.;80.0
1131;1132;CARLSON, C.J.;1.0
1132;1133;DE SA, R.;6.0
1133;1134;(...), RATTI;3.0
1134;1135;LIPPI, C.A.;1.0
1135;1136;K.;0.0
1136;1137;AVILES QUEVEDO, A.;1.0
1137;1138;(...), KHAN;35.0
1138;1139;ZAMBRANO, B.;2.0
1139;1140;CAMPANA, F.;0.0
1140;1141;R.F., MALOSSO;38.0
1141;1142;SALGADO, W.G.;7.0
1142;1143;ZHAO, S.;1.0
1143;1144;SHARPLES, M.;0.0
1144;1145;NOVILLO, F.;14.0
1145;1146;SORIA, G.;1.0
1146;1147;CHONG, K.;94.0
1147;1148;AVEIGA, G.;54.0
1148;1149;(...), SINNIGER;39.0
1149;1150;CARRION GARCIA, A.;11.0
1150;1151;SNOECK, M.;94.0
1151;1152;CAMPUZANO, A.;30.0
1152;1153;VILLAVICENCIO VASQUEZ, M.E.;3.0
1153;1154;MANZANO, P.;2.0
1154;1155;BARCIA VILLACRESES, K.;25.0
1155;1156;S., VERBERT;0.0
1156;1157;M., ENDY;1.0
1157;1158;C.;4.0
1158;1159;H., RIGAIL CEDENO;6.0
1159;1160;JORDA BORDEHORE, R.;76.0
1160;1161;WEIBEL, N.;0.0
1161;1162;C., PELAEZ;4.0
1162;1163;ESPINOZA LOZANO, R.F.;3.0
1163;1164;ROMERO, D.;4.0
1164;1165;J., SONNENHOLZNER;1.0
1165;1166;GOETHALS, P.L.M.;10.0
1166;1167;GRAY, E.;6.0
1167;1168;SPILLING, K.;1.0
1168;1169;RUIZ BARZOLA, O.;11.0
1169;1170;GARCES, D.;5.0
1170;1171;P., ZAMBRANO;5.0
1171;1172;UEDA, Y.;6.0
1172;1173;QUIMBA, S.;0.0
1173;1174;LEHNERT, W.;23.0
1174;1175;BERMUDEZ, R.;13.0
1175;1176;S., PLAZA;1.0
1176;1177;MARQUEZ, A.;1.0
1177;1178;ULLOA LOPEZ, P.;88.0
1178;1179;NACENTA, M.A.;74.0
1179;1180;GREER, J.;0.0
1180;1181;NAESSENS, E.;2.0
1181;1182;BARCOS ARIAS, M.;4.0
1182;1183;MARCORIN DE OLIVEIRA, A.;61.0
1183;1184;MARTINEZ, M.M.;70.0
1184;1185;ROMERO, D.G.;8.0
1185;1186;WINDER, M.;13.0
1186;1187;LOZANO, E.;4.0
1187;1188;RAMIREZ, A.D.;5.0
1188;1189;APRIL, A.;0.0
1189;1190;CEDENO, R.;1.0
1190;1191;CAHU, C.;26.0
1191;1192;(...), SALGADO;4.0
1192;1193;E.B.;4.0
1193;1194;RODES, V.;0.0
1194;1195;SUAREZ, P.L.;8.0
1195;1196;RABADAN, J.;29.0
1196;1197;MEDINA, F.;9.0
1197;1198;COUTTEAU, P.;2.0
1198;1199;W.;17.0
1199;1200;ROSELL, C.M.;30.0
1200;1201;(...), PAREDES;5.0
1201;1202;JOVER, M.;26.0
1202;1203;VALDIVIESO, C.;14.0
1203;1204;MERA GOMEZ, C.;34.0
1204;1205;RODRIGUEZ, J.;1.0
1205;1206;D.F., KARASEV;36.0
1206;1207;VILLA COX, G.;10.0
1207;1208;GIMENEZ, J.;27.0
1208;1209;VERSTRAETEN, R.;2.0
1209;1210;GUINGLA, D.P.;52.0
1210;1211;AGORASTOS, S.;9.0
1211;1212;BEALE, S.B.;23.0
1212;1213;VAN BRUGGEN, A.H.C.;3.0
1213;1214;MIALHE, E.;0.0
1214;1215;HIDALGO PARDO, L.;0.0
1215;1216;ARGUELLO, D.;18.0
1216;1217;Y., ALVAREZ;41.0
1217;1218;T., MANZANO;2.0
1218;1219;STUHR, A.;13.0
1219;1220;SEMANJSKI, I.;19.0
1220;1221;CERVANTES, D.;68.0
1221;1222;CASTANEDA RUIZ, R.F.;21.0
1222;1223;GEERTS, A.N.;2.0
1223;1224;ESPINOZA, J.R.;7.0
1224;1225;BUSTAMANTE, J.C.;0.0
1225;1226;P., GOETHALS;2.0
1226;1227;COSTA, P.M.O.;38.0
1227;1228;CARRION, A.;45.0
1228;1229;SORGELOOS, P.;2.0
1229;1230;G., O'NEILL;43.0
1230;1231;ESPINOZA MINA, M.A.;111.0
1231;1232;BAQUE, J.;73.0
1232;1233;INSUASTI, M.L.;3.0
1233;1234;MOREIRA, C.M.;53.0
1234;1235;PULLAMMANAPPALLIL, P.;53.0
1235;1236;R.;8.0
1236;1237;AVILES, M.;6.0
1237;1238;(...), TOLEDO;8.0
1238;1239;MARIN, I.;7.0
1239;1240;ULLOA, N.;5.0
1240;1241;HURTADO, K.;2.0
1241;1242;S.B.;0.0
1242;1243;(...), KAWAHIGASHI;2.0
1243;1244;MARJORIE, C.T.;80.0
1244;1245;RODRIGUEZ VALDES, E.;11.0
1245;1246;MANRESA, A.;6.0
1246;1247;LAVENS, P.;2.0
1247;1248;CHILAN, C.;8.0
1248;1249;SIERRA, C.;11.0
1249;1250;BARBOSA, M.A.;38.0
1250;1251;(...), CASTANEDA RUIZ;38.0
1251;1252;(...), SMOLDERS;18.0
1252;1253;(...), BAYKARA;6.0
1253;1254;VEHMAA, A.;13.0
1254;1255;KOUKI, A.;106.0
1255;1256;(...), LODEIROS CHACON;1.0
1256;1257;THI NGUYEN, T.H.;2.0
1257;1258;(...), KING;1.0
1258;1259;JORDA BORDEHORE, L.;76.0
1259;1260;MINARRO, S.;65.0
1260;1261;TORRES, F.J.;5.0
1261;1262;ALVAREZ, R.A.;3.0
1262;1263;MONTOYA, A.;7.0
1263;1264;(...), PEDOJA;0.0
1264;1265;PERALTA, E.;3.0
1265;1266;TANTALEAN, H.;69.0
1266;1267;PANCHANA, F.;24.0
1267;1268;R., BAYONA;2.0
1268;1269;DUFAULT, N.S.;3.0
1269;1270;SONCINI SESSA, R.;64.0
1270;1271;MERIZALDE, MA.A.;4.0
1271;1272;VACA, C.;0.0
1272;1273;CARVAJAL, J.A.;8.0
1273;1274;SONNENHOLZNER VARAS, J.I.;28.0
1274;1275;E.V., HEKLER;4.0
1275;1276;GUILLEN, P.O.;39.0
1276;1277;PALESE, P.;63.0
1277;1278;WILLE, M.;2.0
1278;1279;M., MANZANO;2.0
1279;1280;BARAN, B.;46.0
1280;1281;MERO, P.C.;0.0
1281;1282;MENA, L.;0.0
1282;1283;CHOTHIA, T.;34.0
1283;1284;ALVAREZ ALVARADO, M.S.;7.0
1284;1285;COSTA CAMPUZANO, J.;56.0
1285;1286;YANG, Y.;15.0
1286;1287;FLORES, F.;16.0
1287;1288;WONG VILLACRES, M.;0.0
1288;1289;JORDAN, C.J.;98.0
1289;1290;M., SILVA;32.0
1290;1291;STOFFELLA, P.J.;18.0
1291;1292;STOITSIS, G.;0.0
1292;1293;SCHMIDT, D.F.;105.0
1293;1294;SORIANO IDROVO, G.;5.0
1294;1295;BYUN, K.;4.0
1295;1296;RIBEIRO, L.;10.0
1296;1297;OVIATT, S.;0.0
1297;1298;E., BACHERE;1.0
1298;1299;ULLON, R.;0.0
1299;1300;VIVAS CORTEZ, M.J.;101.0
1300;1301;CAMAFEITA, E.;37.0
1301;1302;RINCON, A.;62.0
1302;1303;BERREZUETA, E.;1.0
1303;1304;GOBEYN, S.;10.0
1304;1305;M., ATRENS;6.0
1305;1306;G.A., ALAVA;9.0
1306;1307;QUIJANO, M.;2.0
1307;1308;REVERTER, M.;39.0
1308;1309;D.P.L.;22.0
1309;1310;W., MEHTA;1.0
1310;1311;EITZEN, H.;46.0
1311;1312;ANASTACIO, J.A.R.;
1312;1313;CHAVEZ, P.;7.0
1313;1314;SAN LUCAS, C.;0.0
1314;1315;ESPINOZA, M.;23.0
1315;1316;(...), KORINEK;4.0
1316;1317;L., KOLSTEREN;2.0
1317;1318;(...), HUANG;15.0
1318;1319;CALDERON, J.;2.0
1319;1320;VICENTE GALINDO, M.P.;11.0
1320;1321;GOMEZ, J.C.;0.0
1321;1322;SAPPA, A.D.;8.0
1322;1323;PEREZ, K.;69.0
1323;1324;V.C.;18.0
1324;1325;BUESTAN, M.N.;82.0
1325;1326;MAYR, C.;6.0
1326;1327;BLANCO CHAO, R.;47.0
1327;1328;ESPINOSA, Y.;1.0
1328;1329;DOMINGUEZ RUIZ, F.J.;107.0
1329;1330;FARINAS SANCHEZ, A.I.;41.0
1330;1331;S., CASTANEDA RUIZ;21.0
1331;1332;F.;1.0
1332;1333;C.B.I., DIEZ;37.0
1333;1334;LOOR, M.;85.0
1334;1335;PLAZA, D.;1.0
1335;1336;ZAMBRANO MONSERRATE, M.A.;10.0
1336;1337;(...), DOMINGUEZ GRANDA;2.0
1337;1338;(...), CATOIRA;28.0
1338;1339;(...), RAUL PERALTA BRAVO;42.0
1339;1340;PARRAGA LEMA, C.;48.0
1340;1341;ALVAREZ QUINTO, R.A.;3.0
1341;1342;PAZMINO BARRENO, M.A.;53.0
1342;1343;(...), KORNEVA;2.0
1343;1344;BARRIONUEVO, O.;79.0
1344;1345;VIAL EDWARDS, C.;12.0
1345;1346;S., OLLEVIER;1.0
1346;1347;MUSTARO, P.N.;0.0
1347;1348;ALCIVAR, N.I.S.;81.0
1348;1349;(...), TROCCOLI;4.0
1349;1350;SILVEIRA, I.F.;0.0
1350;1351;REYES CASTRO, L.I.;108.0
1351;1352;HIDALGO LEON, R.;5.0
1352;1353;D.;0.0
1353;1354;CORONEL, J.R.;6.0
1354;1355;PEREZ, E.F.;5.0
1355;1356;LEE, S.;4.0
1356;1357;CHONG, A.S.E.;6.0
1357;1358;D., VINTIMILLA;8.0
1358;1359;BAYKARA, H.;5.0
1359;1360;TOMALA, J.;24.0
1360;1361;CONTRERAS, E.;62.0
1361;1362;(...), SHERVETTE;9.0
1362;1363;ACOSTA, S.;16.0
1363;1364;MIGDALIA MIRANDA MARTINEZ, C.;3.0
1364;1365;MOENS, M. F.;0.0
1365;1366;(...), GOETHALS;2.0
1366;1367;A., BAULCOMBE;3.0
