id	label
1	HIDA,R.
2	JOHNSON,M.D.
3	PREUX,P. M.
4	ORDUNA,E.
5	DADSON,S.
6	SAMANIEGO,E.A.
7	ENCALADA,A.C.
8	KOULENTI,D.
9	SCHRECK,E.
10	HRIBLJAN,J.A.
11	YANEZ,P.
12	SUTAR,B.
13	REN,L.
14	VACKEL,A.
15	ESTEVEZ,P.G.
16	HERNANDEZ,C.
17	MONTES BOTELLA,J. L.
18	SANCHEZ,R.D.
19	QUINONES,L.A.
20	CARVALHO,S.D.
21	COHNSTAEDT,L.W.
22	MENDEZ,M.
23	CHINCHILLA,D.
24	PAZ,J.L.
25	RAMON CABRERA,G.M.
26	UY,J.A.C.
27	CASTRO,N.P.
28	ALKAN,C.
29	VILLALVA,M.
30	A.M.,TUMASYAN
31	VALDES MARTINI,J.R.
32	SARKAR,T.
33	ARCOS AVILES,D.
34	VANESSA PALACIOS ARGUELLO,L.
35	CAMPOS,S.
36	ALLAN,D.L.
37	ESTEVEZ CARRIZO,F.
38	RUEDA,D.
39	POLKO,J.K.
40	RECK,G.K.
41	DUAN,Z.
42	SPAGNOLO,V.
43	ESPINOZA BELTRAN,F.J.
44	KIM,D.S.
45	BAILEY,S.A.
46	ITURRALDE,G.A.
47	PRINGLE,C.M.
48	ZIVKOVIC,L.
49	ZUG,G.
50	TARASSOW,A.
51	RICAURTE,M.F.
52	GERBER,L.R.
53	RIVAS TORRES,G.F.
54	MENESES,F.
55	YARZEBSKI,J.
56	RAMOS,A.
57	CADENA,I.A.
58	TUMER,I.Y.
59	ANDERSON,D.F.
60	ALEJANDRO,V.Z.
61	LERDTHUSNEE,K.
62	ABAD,C.
63	TUMER,K.
64	GARCIA SAAVEDRA,L.
65	LIMON ROBLES,J.
66	BRONCANO,N.
67	MORALES,C.
68	ALEMAN INIGUEZ,J.M.
69	VASCO,G.
70	GUITARRA,S.R.
71	ALVAREZ BARRETO,J.F.
72	LACIVITA,P.E.
73	IJFF,S.D.
74	PAPADOPOULOS,A.
75	VALLE,C.A.
76	ALBARES,P.
77	FONSECA PAREDES,M.
78	JUNGFLEISCH,M.B.
79	MORA,J.R.
80	SAAVEDRA,J.
81	HOOVER,P.N.
82	CAMATEL,S.
83	ALMEIDA MEZA,P.
84	RENE JATIVA,E.
85	HADDAD,N.
86	RAES,N.
87	FABARA,C.E.
88	ASTETE,J.
89	CHESNER,J.
90	ROJAS SOTO,O.R.
91	CALLES,J.
92	MENEGHESSO,G.
93	RODRIGUEZ PASCUAL,M.
94	SUAREZ,E.R.
95	ALLEN,J.
96	PALOMEQUE,A.
97	SOUZA,B.S.
98	VARGAS VALLEJO,M.E.
99	STILLE,P.
100	LOPMAN,B.
101	RAPAPORT,R.
102	LORENZO CARBALLA,M.O.
103	CONDE,J.M.
104	HARVEY,S.M.
105	KAMON,T.
106	POLATO,N.R.
107	JIMENEZ UZCATEGUI,G.
108	KULIKOVA,I.
109	ROSSI,G.
110	VASQUEZ,N.
111	LEYVRAZ,F.
112	CHEN,R.
113	LEWIS,D.J.
114	LE PONT,F.
115	FLOYD,S.
116	DENKINGER,J.
117	WEILAND,S.K.
118	RYDER,T.B.
119	VIVAS REYES,R.
120	LEON REYES,A.
121	JAVIER TORRES,F.
122	DE LUCA,A.
123	ROESS,A.
124	NAUTA,G.
125	JOHNSTON,P.A.
126	ATZMANSTORFER,K.
127	EGUIGUREN,L.
128	FORNELLS,N.P.
129	DEL HIERRO,F.L.
130	SAWANT,R.J.
131	BOGAERT,J.
132	LOAYZA VILLA,M.F.
133	ARZOUMANIAN,Z.
134	VINCENT,A.L.
135	RUIZ,D.
136	PADILLA HERNANDEZ,R.
137	YIP,W.T.
138	GUALLAR CASTILLON,P.
139	ROSSI,W.
140	CHICO,M.E.
141	PONCE,K.
142	CAMPOVERDE,N.C.G.
143	MIRANDA,E.
144	YANEZ,W.
145	FELIDJ,N.
146	QUILES,J.L.
147	FUSSELL,M.
148	AGUIAR,S.
149	FLORES,L.
150	BENALCAZAR,D.R.
151	GRANIZO RUBIO,J.
152	ALVARADO,A.
153	CHERNIAK,W.
154	CHICO,M.
155	ZAPATA,S.
156	DE CORDOVA,C.R.E.F.
157	GUILCAPI,D.
158	MIRALLES,V.
159	BAKER MURRAY,A.
160	POTHOULAKIS,C.
161	LEON MUNOZ,L.M.
162	YOUN,G.
163	DE LOS ANGELES BAYAS,R.
164	GUO,X.
165	BELTRAN,L.J.
166	BEATI,L.
167	TULLOS,D.
168	BALDWIN,J.A.
169	HASSENRUCK,C.
170	ALLIK,J.
171	WALKER,A.W.
172	MORGAN,D.L.
173	FELLIG,D.
174	CARRERA,E.V.
175	ROSENBLOOM,A.L.
176	RIBEIRO,S.M.R.
177	ARAHANA,V.
178	ALCAZAR,J.J.
179	AMORIM,L.
180	MUNOZ,F.N.
181	DE LA CERDA,P.
182	IANNOTTI,L.
183	DHAMA,R.
184	JORGENSEN,C.
185	SEVILLA,A.
186	MAYNARD,R.J.
187	ROMERO,A.
188	CHUCHANI,G.
189	PICO,L.C.
190	MOORE MONROY,M.
191	BERMUDES,D.B.
192	WILLIAMS,S.M.
193	TEJEDO,P.
194	VELA,D.
195	GOLDSTICK,J.
196	PINTO,C.M.
197	TERRY,N.
198	SOLIS BOWEN,V.
199	VERGARA,H.A.
200	RUGENSKI,A.T.
201	SALAZAR,M.
202	HERNANDEZ,I.
203	TINOCO,L.
204	MANZANO,S.
205	ARADIAN,A.
206	PONTON,M.E.
207	REINA ORTIZ,M.
208	RODRIGUES SOARES,F.
209	ROMERO ZUNIGA,J.J.
210	COOKSON,W.O.
211	DURDEN,L.A.
212	SALVADOR VAN EYSENRODE,D.
213	DAVILA,P.
214	STEVICK,P.T.
215	GALLEGOS,C.A.
216	SZALAI,V.A.
217	CRUZ,M.
218	DEL POZO,L.A.M.
219	DIAZ,R.
220	BEAREZ,P.
221	PARRENO,C.
222	WEINMAYR,G.
223	SELLERS,W.I.
224	CRIMMINS,E.M.
225	FINN,D.S.
226	GRIJALVA,D.
227	NESMACHNOW,S.
228	RONCHITELLI,A.
229	ALARCON DAVILA,M.E.
230	PAREDES GONZALEZ,V.E.
231	VAN DAM,N.M.
232	CEBALLOS,H.
233	NIETO,C.
234	VOYSEY,Z.
235	GORE,J.M.
236	GROFFMAN,P.M.
237	CUSTODIO RIVERA,D.
238	ROBB,K.A.
239	LEONEL,A.J.
240	ZAMBRANO,C.H.
241	SKEHEL,A.
242	JADAN GUERRERO,J.
243	SOUSA,J.P.
244	MATAUSCHEK,C.
245	NAVARRETE,D.
246	BARRETO,M.L.
247	AUGOT,D.
248	LEON,G.
249	MANTILLA,C.
250	SILVA,A.
251	BASS,D.
252	WEIGELT,K.
253	CAPORALE,C.
254	RUBIANES,F.
255	TOULKERIDIS,T.
256	ALTAMIRANO,I.
257	SCHAFFNER,F.
258	GURA,T.C.
259	HEINO,J.
260	PENNYCOOK,S.J.
261	STURDY,J.
262	GOMEZ,M.P.
263	MARTINEZ,M.
264	TERNULLO,R.
265	PUPO MERINO,M.
266	ZURITA ARTHOS,L.
267	FLORES SUMOZA,M.
268	WENG,K.C.
269	TABARD COSSA,V.
270	KOLETZKO,B.
271	STATON,S.J.R.
272	PENAS LLEDO,E.
273	JIMENEZ,P.J.
274	FREILE,J.F.
275	ESCOBAR,J.C.
276	MARIO SILVA,O.
277	BERNARD,B.
278	INTRIAGO PAZMINO,M.
279	RINDFUSS,R.
280	MEJIA,L.
281	TREMETSBERGER,K.
282	MONCAYO,A.C.
283	VISION,T.
284	LARA CUEVA,R.A.
285	JORGE,A.A.L.
286	NUNEZ,O.
287	BUSTAMANTE,K.
288	WEISS SCHNEEWEISS,H.
289	PARASHAR,U.
290	KOGEVINAS,M.
291	HASSELLE,N.
292	ZAUBERMAN,J.
293	BONIFAZ,E.A.
294	PAILLACHO,V.
295	FONTAL,B.
296	MORROW,S.
297	MORALES,P.
298	SAMANIEGO,N.M.
299	SLEGERS,P.M.
300	GONZALEZ POZOS,S.
301	PRATT,M.
302	SANTACRUZ,S.
303	CABEZAS,M.D.C.
304	ORTIZ,E.
305	BORJA,T.
306	MUQUINCHE,M.
307	GUEDES,T.B.
308	ANDREW,S.
309	ALLEN,M.
310	FERRI,C.
311	ELORRIAGA VERPLANCKEN,F.R.
312	APONTE,P.M.
313	J.C.,FIETZ
314	MORETTI,M.S.
315	KAPLAN,K.A.
316	CESPEDES GARRO,C.
317	MARRS,C.F.
318	STRAULLU,S.
319	GROSSMAN,M.
320	DOLSTRA,O.
321	RICHARDS,N.L.
322	PEREZ,R.P.M.
323	AGUILAR,C.
324	PROANO,C.
325	GIMENEZ,F.P.
326	RUALES,C.
327	BIANCHINI,R.
328	BARR,D.B.
329	GALAVIZ HERNANDEZ,C.
330	LEENEN,P.J.M.
331	IZURIETA,A.
332	KUTCHER,R.
333	FRIDMAN,C.
334	HERNANDEZ,L.R.
335	GARCIA HERNANDEZ,E.
336	ABACHI,S.
337	TERAN,J.E.
338	MARIN,C.
339	SALEWSKI,U.
340	GARCIA TENESACA,M.
341	KOZIOL,M.
342	HARRIGAN,R.J.
343	DOWNS,N.J.
344	GRIJALVA,J.
345	ABRATE,S.
346	SACOTO,D.D.C.
347	ACEVEDO,J.
348	HANDL,J.
349	HAMMERSCHLAG,N.
350	GAONA,D.
351	ALFONSO,F.
352	PARIDA,B.
353	FISBERG,M.
354	GANGOTENA,D.
355	GORDILLO,L.F.
356	KATALYNE BILCATI,G.
357	CUEVA,D.F.
358	TALAVERA,B.
359	HASSALL,C.
360	SCHUTZ,J.S.
361	JONES,L.A.
362	JARAMILLO MARTINEZ,A.F.
363	MOSQUERA,S.
364	LARA CURZIO,E.
365	CORDOVA,J.
366	LEE,D.J.
367	NARVAEZ,D.
368	LERARI,V.
369	COLOMA,L.A.
370	MAJID,A.
371	CONDINO NETO,A.
372	MORENO FRANCO,B.
373	TELLO,F.Z.
374	PERZANOWSKI,M.S.
375	RON,S.R.
376	BREWINGTON,L.
377	GAHARWAR,A.K.
378	MORENO,J.
379	ARKINSON,H.L.
380	EDGERLY,J.S.
381	VARGAS,D.C.
382	HERRERA SEVILLA,V.L.
383	FALCONI,G.
384	VOIGT,C.C.
385	MENDEZ,P.E.
386	ZUPANCIC,A.
387	TORRES,S.
388	PAZ Y MINO,A.
389	KLIMLEY,A.P.
390	ALCANTARA NEVES,N.M.
391	PAEZ,M.
392	AGUILAR,M.
393	GARCIA,Y.
394	PRUM,R.O.
395	IBARRA VELARDE,F.
396	BARRAZA,F.
397	CASSOLA,A.
398	THEAN,A.
399	AVILES SACOTO,S.V.
400	LASSO,F.
401	GOODWILL,R.
402	MOSER,K.A.
403	MORALES,S.E.
404	DUENAS,J.F.
405	A.M.,TAYLOR
406	CORONEL,D.A.C.
407	CARDENAS LOPEZ,D.P.
408	DAN,M.
409	VON ELLENRIEDER,N.
410	PALTAN,H.
411	DOUCE,R.W.
412	UZ,I.
413	ANDRADE GUIMARAES,M.V.
414	PREZIOSI,R.F.
415	HASING,M.E.
416	MATHIAS,R.A.
417	BEGENY,J.C.
418	BLOWERS,P.
419	ROBERTS,J.M.
420	NOUT,M.J.R.
421	TELLO,N.
422	CARRASCO,F.
423	GUTIERREZ REINOSO,M.A.
424	DE VARGAS,C.
425	TOWNSEND,C.R.
426	DE ALBUQUERQUE,J.A.T.
427	MADRID,K.
428	VAN BOEKEL,M.A.J.S.
429	ALFERO,C.
430	CABRERA CABRERA,J.
431	RAO,G.
432	TER STEEGE,H.
433	FIACCONE,R.L.
434	CLARK,D.L.
435	PENAHERRERA,E.
436	POMBAL,J.P.
437	CAPPS,K.A.
438	TIPAN,F.
439	LAVANDEROS,M.A.
440	NAVARRO,M.S.
441	GROVE,J.
442	FORNARI,M.
443	HUNTER,A.D.
444	LLUMIGUANO,C.
445	FRIZZELLE,B.G.
446	SAEZ,A.E.
447	GUERRA,A.
448	JARAMILLO,F.
449	MANSON,S.
450	PROANO,E.
451	HOFFMANN,A.
452	O'CALLAGHAN GORDO,C.
453	CARDONA,L.
454	POSSE SARMIENTO,V.
455	PAULY,D.
456	WIKELSKI,M.
457	GALLO CORDOVA,A.
458	COHEN,P.
459	LOPEZ CEVALLOS,D.F.
460	LAURELL,G.
461	RODRIGUEZ HIDALGO,R.
462	GARLAND,E.C.
463	BERMEO,A.
464	REAL ENRIQUEZ,M.
465	SILVA,S.
466	ZELLER,M.
467	DEL CARMEN CASTILLO SIGNOR,L.
468	CAJIAO,D.
469	MOFFITT,H.L.
470	SUKHOV,A.V.
471	CHEDRAUI,P.
472	LUCIBELLO,T.
473	ARGUEDAS,R.
474	CUEVA,M.C.
475	ANTONELLI,A.
476	LASSO,M.D.
477	MENDEZ,M.A.
478	HOLMBERG,J.A.
479	CURRIE,E.
480	BUSTAMANTE,G.
481	LATHAM,E.
482	ARAN REDO,V.J.
483	AGUILERA FERNANDEZ,I.
484	SANCHEZ,P.
485	QUIZHPE,E.
486	CHAMPAGNE,P.
487	K.,DENKINGER
488	RONCHI,N.
489	KEPPEL,G.
490	TERSTEEG,R.H.D.
491	VERWILLIGEN,P.
492	BUCHANAN,L.H.
493	VIMOS,D.J.
494	MIYAZAKI,B.
495	FERNANDEZ,F.
496	GARCIA HERREROS,M.
497	TORRE AMIONE,G.
498	VELASQUEZ,C.
499	BARBA,D.
500	COLLEN,B.
501	KOVALSKYS,I.
502	GARIAZZO,S.
503	JOHNSON,A.
504	STOSCHECK,L.M.
505	TOSCANO,S.
506	CHIMNER,R.A.
507	KADLEC,G.
508	WATERS,W.
509	CMS COLLABORATION
510	POULSEN,K.P.
511	ALVEAR,A.
512	RIVERA FERNANDEZ,N.
513	JAMES,B.E.
514	DEBUT,A.
515	POS,E.
516	SEDANO,R.
517	ESPINOSA GAVILANES,C.
518	ABSIL,P.
519	PINOS LEON,V.
520	BARGER,B.D.
521	VINUEZA,R.L.
522	NIETO,N.
523	WHITEMARSH,E.A.
524	HARRISON,S.L.
525	SANCHEZ,O.
526	CARDONA,V.E.
527	DRENO,B.
528	BROWN,G.
529	CLOTET,R.
530	GONZALEZ DIAZ,G.
531	CAMPIONE,N.
532	WANG,X.
533	GOLDBERG,R.J.
534	PUELLO,E.
535	AUDELO,M.
536	SIDDONS,D.C.
537	PECKARSKY,B.L.
538	SUHONEN,T.
539	CHAPARRO,J.C.
540	FREILE,J.
541	NASH,J.
542	CARLSEN,A.
543	PORTILLA YANDUN,J.
544	ZARATE,P.
545	ATIENCIA,V.
546	STANDISH,K.
547	REINERT,K.A.
548	CAMPOS,M.
549	WALRAVEN,J.C.
550	RIOS TOUMA,B.
551	HERRERA,C.I.T.
552	SMITH,S.M.
553	GARRISON,R.W.
554	NOVILLO,E.E.G.
555	GACHET,I.
556	SCHOUSBOE,M.L.
557	ARIAS,A.S.
558	STRANGI,G.
559	LUNA,L.
560	WOODWARD,C.L.
561	CELI PIEDRA,E.
562	ZAMIOUDIS,C.
563	TOASA,A.O.
564	MEBERT,K.
565	BRONDELLO,J. M.
566	SOSA,J.
567	WICKRAMAGE,N.
568	MUNOZ SALDANA,J.
569	ERAZO,A.
570	KOLKA,R.K.
571	GAYDECKI,P.
572	ESMAEILZADEH,P.
573	MATEANE,L.
574	BARANOVA,J.
575	CLAUER,N.
576	IZURIETA,S.
577	BURTON,N.A.
578	GONZALEZ DIAZ,H.
579	SWING,K.
580	BUCHHOLZ,G.
581	IANNOTTI,L.L.
582	BLANC,G.
583	COSTA,D.
584	THIBOUTOT,D.
585	HORTON,J.
586	SERRANO,D.
587	HODGSON,F.
588	TORAL,E.
589	ARMAS FREIRE,P.I.
590	CASTILLO SOTO,G.
591	MAHE,F.
592	AYRE,G.
593	SEIJAS,L.E.
594	DUELLMAN,W.E.
595	JIMENEZ,C.
596	CURTIS,D.C.
597	WALDEN,H.D.S.
598	TRINDADE,L.M.
599	HORTON,B.M.
600	PAPADAKIS,E.
601	LARSON,D.
602	JIMENEZ JIMENEZ,D.
603	LIU,X.
604	HOROWITZ,B.
605	ZINKEN,J.
606	BENITEZ,S.
607	WALSH,S.J.
608	LOPEZ,R.
609	ORANGE,J.S.
610	GONZALEZ GUEVARA,V.I.
611	MORILLO,P.
612	RAMIREZ RIVERA,J.I.
613	ADEGNIKA,A.A.
614	TRUEBA,G.A.
615	HONG,D.
616	HERNANDEZ,F.
617	SACOTO,F.
618	BERV,J.S.
619	CACHIPUENDO,R.
620	BUSTAMANTE,J.C.
621	GOUX,L.
622	NAVA,S.
623	GUADALUPE,I.
624	VISSER,R.G.F.
625	GOMEZ,G.
626	LIMAYE,K.
627	MANGIAFICO,J.A.
628	LOISELLE,B.A.
629	VAN DER WEIJDE,T.
630	MUESES CISNEROS,J.J.
631	CAICEDO,H.H.
632	WIGGINS,K.
633	BENAYAS,J.
634	DOMINGUEZ,M.
635	NIEBIESKIKWIAT,D.
636	MCNULTY,C.M.
637	RODEIRO,I.
638	MENKES,C.
639	MONTALVO,M.
640	PASQUEL,G.
641	GRAY,C.
642	GUADALUPE,J.J.
643	MORAVEC,J.
644	RESL,R.
645	SORNOZA MOLINA,F.
646	NOBOA,V.
647	KIZIRIAN,D.
648	BOJKO,N.I.
649	ZHENG,D.D.
650	COSTA,D.P.
651	LIEWIG,N.
652	LOZA,C.A.
653	SMITH,K.J.
654	MAAS VAN DE KAMER,H.
655	CHAVEZ,G.
656	ULLOA,C.
657	LERNER,A.M.
658	GARCIA GONZALEZ,L.A.
659	SEROCKI,E.
660	CANHOTO,C.M.
661	TORRES NINO,L.A.
662	SILVA JARAMILLO,K.M.
663	SALIHU,H.M.
664	BOLELLI,G.
665	SANCHEZ,T.A.
666	PROANO AVILES,J.
667	RODAS,L.
668	OLIVEIRA,C.R.P.
669	STUEFER,J.F.
670	MIKESELL,C.
671	HERNAN VARGAS,F.
672	PINTO,F.J.
673	DIEGO PAEZ ROSAS,MURILLO
674	CRUZ,A.A.
675	BERRY,J.
676	REYES PUIG,C.
677	ZUERNER,R.L.
678	KHOURY,M.
679	KEITH BARKER,F.
680	POFF,N.L.R.
681	YANEZ,D.C.
682	LEVY,R.A.
683	GESSNER,M.O.
684	HEILPERN,S.
685	PAREDES,C.
686	CAZAR,R.A.
687	TAYLOR,D.
688	WILS,N.
689	PROANO,C.B.
690	BORISSOV,G.
691	BRUNO,J.F.
692	TAO,J.
693	SALAZAR,F.
694	HUESO,L.E.
695	ESQUIVEL,R.
696	WAHLUND,K. G.
697	VINUEZA,L.R.
698	MORALES,M.
699	MACHADO,A.
700	BARRAGAN,V.
701	NORDQVIST,M.
702	SOBRAL,O.
703	VALAREZO,K.
704	MITARD,J.
705	NEUMARK,D.
706	GODOY CALDERON,S.
707	ENTWISLE,B.
708	OCHOA HERRERA,V.
709	VACA PITA,E.L.
710	CHIPOULINE,A.
711	TOUMA,B.R.
712	ESQUINAS,A.M.
713	GUILLEMOT,J.
714	SELLARES,J.
715	SALINAS,L.
716	CUEVA,R.
717	LI,Q.
718	URTEAGA,J.
719	FLOM,P.L.
720	MARTINEZ MAYORGA,K.
721	ROSENFELD,R.
722	NAVARRO SIGUENZA,A.G.
723	DELVECCHIA,A.G.
724	DEHAN,M.
725	RODRIGUEZ,A.
726	VAN DER VELDE,J.
727	EWING,H.A.
728	ANDINO,A.
729	MAYORGA,J.
730	BOHLEN,P.J.
731	XU,D. L.
732	GIACHINI,F.R.
733	PEZZI,L.
734	SAHL,J.W.
735	KONDRATIEFF,B.C.
736	CHURCHMAN,C.
737	TANA,L.
738	BOYERO,L.
739	MULLIGAN,M.
740	DE WIT,H.
741	UTRERAS,V.
742	NOGAL RUIZ,J.J.
743	MARTINEZ,J.
744	LARON,Z.
745	PINTO,H.
746	TRUEBA,G.
747	KIM,S.
748	JACK,D.W.
749	RODRIGUEZ,C.G.
750	PAZOS,J.
751	HEARN,A.R.
752	GARRIDO BARRIGA,E.F.
753	TERAN,E.
754	CERIACO,L.M.P.
755	GARCIA MESA,M.
756	ALVARADO,J.J.
757	MORALEDA CIBRIAN,N.
758	TUYA,F.
759	REY,R.
760	CANIZARES,A.
761	ESPINOZA,S.
762	ZAPPONE,B.
763	SHAH,A.A.
764	RODRIGUEZ LEON,A.R.
765	DREXHAGE,H.A.
766	GOLLNICK,H.
767	MUNOZ YCAZA,R.A.
768	CALDAS,M.M.
769	CEVALLOS,V.
770	BEKTESHI,V.
771	PEARSON,T.
772	ALEXANDER,S.D.B.
773	OLIVAS,S.
774	RACINES ORBE,M.
775	LASCANO,Y.
776	KOPCHICK,J.J.
777	ARMIJOS OJEDA,D.
778	FRANCISCO,V.
779	MCINTOSH,A.R.
780	LOZANO MANDUJANO,D.
781	BOEHNLEIN,A.
782	ROMERO ALVAREZ,D.
783	BAYAN BRAVO,A.
784	SABATIER,D.
785	MENESES MARCEL,A.
786	MARTINEZ,P.
787	TAPIA,F.
788	SOTOMAYOR,D.
789	QUINTERO,E.A.C.
790	SOTO,A.
791	SCHLESINGER,S.
792	BARRANTES,R.
793	FULLER,A.K.
794	KUHLMANN,A.S.
795	GRUNAUER ANDRADE,M.
796	VELASCO,A.
797	BELLO,E.
798	CERVANTES ALONSO,F.
799	REASER,J.K.
800	GOTANDA,K.M.
801	AGUIRRE,S.
802	BATES,S.J.
803	DAVILA,K.L.
804	AABOUD,M.
805	CRUZ,M.E.C.
806	SANDIN,R.L.
807	CABEZAS,M.C.
808	ORNDAHL,K.
809	MELBY,C.L.
810	FREIRE,W.B.
811	BANDA CRUZ,D.R.
812	MARTIN,B.J.
813	PETROVIC,N.
814	BRIONES,F.
815	ACOSTA,J.S.
816	CAZAR,D.F.
817	BRIONES CLAUDETT,K.H.
818	BROOKER,C.
819	JENKINS,C.N.
820	TERAN,S.
821	LEE,C.
822	NIELSEN,T.S.
823	LEZAMA,J.
824	OROZCO BENAVIDES,G.A.
825	LU,F.
826	BRUQUE,G.
827	GORDILLO,L.
828	VILLACIS,J.E.
829	SALINAS,W.
830	BERRY,P.E.
831	ESTEVEZ CARRIZO,F.E.
832	VIGNAIS,M. L.
833	ACUNA MARRERO,D.
834	KUNZ,T.H.
835	CAICEDO,J.C.
836	VACA,M.
837	RUALES,S.
838	ORTEGA PEREZ,F.
839	BARRAGAN,M.J.
840	STUESSY,T.F.
841	MUNOZ PEREZ,J.P.
842	ARAN,V.J.
843	KWAN,S.
844	ESPINOSA,A.
845	OLEAS,A.
846	CUERVO,A.M.
847	MONTENEGRO ZUMARRAGA,M.
848	HARTSKEERL,R.
849	BROTONS,C.
850	ALVAREZ,H.G.
851	CERCA,N.
852	ROQUE,L.S.
853	KHADEMHOSSEINI,A.
854	DEL POZO,I.
855	HUMAYON,D.
856	SHARMA,V.
857	ARROYO,G.
858	CHI,C.
859	WALSH,S.
860	BREARD,E.
861	ECKHART,S.
862	GALINDO,A.
863	LUZ CRAWFORD,P.
864	RIOFRIO LAZO,M.
865	ROBIN,C.
866	ALLER,A.
867	DEHART,J.L.
868	VALDES URIBE,J.A.
869	BERGDAHL,I.A.
870	ZHANG,Q.
871	BAQUE MENOSCAL,J.
872	FABARA,J.
873	VAN ZANTEN,M.
874	SANCHEZ,D.
875	VALAREZO,A.
876	RECK,G.
877	VASCO,K.
878	WILLIAMS,C.
879	BUTLER,H.J.
880	KAMP,K.
881	CARRILLO,Y.
882	GOULD,C.F.
883	ORTEGA ANDRADE,H.M.
884	CASTANEDA,Y.G.
885	BURKMAN,E.J.
886	OLALLA,F.E.A.
887	AVCI,D.
888	GRACE,J.K.
889	MERSCHDORF,H.
890	CORREA,R.
891	LUTTER,C.K.
892	PAYAGUAJE,H.
893	MOSQUERA,D.
894	BAQUERO,L.
895	GARCIA,G.
896	PANTELIDES,S.T.
897	KONG,H.H.
898	FREIRE,A.L.
899	SATO,Y.
900	FINER,M.
901	MORILLO,N.P.C.
902	CAVIEDES,M.
903	DOUGAN,G.
904	RODRIGUEZ,A.E.
905	QUIROGA,D.
906	VILLACIS,D.
907	MAES,H.E.
908	BRYSON JR.,R.W.
909	RINCON,L.
910	LU,Y.
911	VERDIER,D.
912	ZAMUDIO,K.R.
913	GRAY,M.M.
914	DU,Y.
915	PAZMINO,D.A.
916	PALACIOS,D.M.
917	BRASKIE,M.N.
918	HERRERA ROMERO,I.
919	CONTRERAS TORRES,E.
920	MATTHIJNSSENS,J.
921	MATHIEU,B.
922	FOLCH,A.
923	MCDIARMID,R.W.
924	LUZIN,V.
925	WALLACE,B.P.
926	CHARREL,R.N.
927	NUNEZ,E.R.
928	MATOSKI,A.
929	DE LOSADA,C.A.
930	ALVAREZ,M.B.
931	VALDIVIEZO,S.
932	VALENCIA,M.
933	O'MAHONY,M.
934	MENGE,B.A.
935	KAUERAUF,T.
936	QUIJOZACA,J.
937	RANJITKAR,S.
938	NOCHE,B.
939	NARVAEZ,L.
940	NICOLALDE,V.
941	ALBA CABRERA,E.
942	GONZALEZ,A.
943	BARAHONA,D.
944	WANTZEN,K.M.
945	YAKOVLEV,G.
946	MEREAU,R.
947	GARDES,A.
948	DIGANGI,B.A.
949	LE THI THU,H.
950	IZA,P.
951	HORDIJK,C.A.
952	CARRERA,R.
953	GOOSSENS,A.
954	BASS,M.S.
955	MARQUEZ,E.A.
956	PAREDES RECALDE,A.
957	JIE,Q.
958	JACOBS,A.B.
959	DO EGYPTO NEIRAO REYMAO,J.
960	NOGUEIRA,C.D.C.
961	CORDERO RIVERA,A.
962	DAVILA JIBAJA,L.I.
963	CHEN,E.P.
964	PEREZ VIZCAYNO,M.J.
965	ROCHA,O.J.
966	RAMIREZ CARDENAS,L.
967	PELLEGRINI,L.
968	MORELL,C.A.
969	PROCEL,P.
970	ZYLBERSTEJN,A.
971	BILSBORROW,R.E.
972	SOLANO,D.
973	RIVAS TORRES,A.
974	LUKE FLORY,S.
975	ROPER,C.
976	POVES,E.
977	BARBER,K.
978	BUENANO,D.A.
979	ORTEGA,M.
980	ATKINSON,C.L.
981	RYLANDS,A.B.
982	MOLINERI,C.
983	BARRIOS,C.J.H.
984	MARSOT,M.
985	COAKLEY,J.
986	LOPEZ ROJAS,J.J.
987	BARTKE,A.
988	GALLEGO,A.
989	COSTA VERA,C.
990	DE CALUWE,H.
991	SMITH,W.H.
992	WANG,Q.
993	VAN WEES,S.C.M.
994	SALAZAR V.,D.
995	PICO,M.M.
996	DAVILA,J.
997	ORCES,D.
998	RIVAS TORRES,G.
999	CALIGIURI,V.
1000	SORIA,N.F.
1001	CAMPOS,V.C.
1002	MATHIS,A.
1003	DE JONG,S.J.
1004	UQUILLAS,J.A.
1005	SALVADOR,J.
1006	MCCRACKEN,S.F.
1007	RIFAI,N.
1008	HAYES,M.A.
1009	ALAMI,S.
1010	WANG,S.
1011	PEREZ JIMENEZ,F.
1012	TRUEBA,A.
1013	BAKER,W.F.
1014	SEENA,S.
1015	SUMAN,D.
1016	LEON,P.
1017	LOWENSTEIN,C.
1018	SIRUNYAN,A.M.
1019	HANDAL,A.J.
1020	ADLER,B.
1021	DUNTHORN,M.
1022	SUAREZ,J.A.
1023	GANGOTENA,S.J.
1024	HISKEY,J.
1025	CASANOLA MARTIN,G.M.
1026	SEMINOFF,J.A.
1027	BECK,S.G.
1028	RUBINOV,P.
1029	AGUILAR,P.
1030	VALENCIA,L.
1031	GIOIA,G.
1032	VERDUGO,R.
1033	SMITH,A.N.H.
1034	TRAVEZ,D.F.
1035	KLEINBAUM,D.G.
1036	ESPINOZA,E.
1037	ZIELINSKI,K.
1038	GALYEAN,M.L.
1039	PLATT,K.B.
1040	PANTISANO,L.
1041	LUPSKI,J.R.
1042	PENAFIEL,N.
1043	IBARRA,J.
1044	BULACH,D.M.
1045	ZIMMERHACKEL,J.S.
1046	MOLLOCANA,D.
1047	GAMBOA,S.
1048	JUBAER,S.
1049	PRAT,N.
1050	ARAUJO,C.V.M.
1051	ANDUJAR,I.
1052	NEWCOMBE,P.J.
1053	FURMANSKI,A.L.
1054	CROMPTON,T.
1055	CABRERA LEYVA,L.
1056	CUEVAS,L.E.
1057	LARCO,J.C.
1058	PEIMBERT GARCIA,R.E.
1059	ZAPATA RIOS,G.
1060	VAALER,P.M.
1061	ALBAN,C.A.C.
1062	DOMINGUEZ,E.
1063	ROMERO,J.S.
1064	PARKHILL,J.
1065	YOUNG,B.E.
1066	WOODS,N.
1067	LARA,I.
1068	DWIVEDI,G.
1069	POLOVINA,J.
1070	BOSCATO,P.
1071	GRIJALVA,C.J.
1072	SALAMEH,J.
1073	CHINN,I.K.
1074	POPP,J.
1075	MARTIN LOPEZ,D.
1076	NIETO,M.
1077	WEIGEL,M.M.
1078	DUMAS,M.
1079	GARCIA,C.
1080	UZU,G.
1081	FUERTES,W.
1082	A.,TAYLOR
1083	BARRIONUEVO,J.S.
1084	ROJAS,A.L.
1085	SAVIDGE,T.
1086	GRIFFIN,G.E.
1087	CARRILLO PERDOMO,E.
1088	CARUSO,C.
1089	ANDRADE,M.G.
1090	TARAZONA SANTOS,E.
1091	TATTERSALL,G.J.
1092	LANTSOGHT,E.
1093	MEJIA VIANA,J.C.
1094	FLECKER,A.S.
1095	TABIRYAN,N.
1096	SVENNING,J. C.
1097	BAQUERO,A.
1098	MALANSON,G.P.
1099	RUAS,C.D.F.
1100	CASTILLO,F.
1101	HAMPEL,H.
1102	GRIJALVA,D.F.
1103	RUIZ,M.
1104	ROLDOS,M.I.
1105	ROSADO,V.
1106	ALLEN,C.E.
1107	CLARK,C.J.
1108	MAURICE,L.
1109	MARTINO,H.S.D.
1110	COTIN,J.
1111	ZHONG,N.S.
1112	DELIA,J.
1113	GUIMPEL,J.
1114	TORRES,M.D.L.
1115	ATENCIO,R.
1116	RAHIMI RASHED,A.
1117	PENA,M.
1118	MONDRAGON CASTELAN,M.
1119	TRUJILLO,A.M.
1120	VARGAS JENTZSCH,P.
1121	ZHANG,L.
1122	CERVANTES,C.
1123	BOVERA,M.
1124	MITTERMEIER,R.A.
1125	PONCE,P.A.
1126	FAHEY,T.J.
1127	PAUCAR GUERRA,E.J.
1128	SNIZEK,B.
1129	SOTOMAYOR TORRES,C.M.
1130	LIZARRAGA,P.
1131	COSMIDES,L.
1132	VILLAMAGUA,L.
1133	DUBOIS,A.
1134	HOYLE,C.
1135	TORRES,M.L.
1136	WEN,A.M.
1137	HENDRY,A.P.
1138	TRAN THI THU,T.
1139	GIBSON,R.J.P.
1140	PERONI,L.
1141	TOOBY,J.
1142	CAK,A.
1143	MUNSTERMANN,L.E.
1144	AUERBACH,D.A.
1145	RAHOLA,N.
1146	TUININGA,A.R.
1147	PEREZ PENA,P.
1148	RODRIGUEZ ARTALEJO,F.
1149	VALLEJO,D.
1150	J.
1151	MARINHO,C.G.
1152	REYES,J.A.
1153	THE CMS COLLABORATION,KHACHATRYAN
1154	LEON,R.
1155	RODRIGUEZ,M.
1156	ZIEMINSKI,A.
1157	VAN DER VEEN,D.C.
1158	VILLARREAL,J.S.
1159	FRANKLAND SEARBY,S.
1160	KONNO,H.
1161	HAAS,H.
1162	NAVARRETE,E.S.
1163	WUHRER,M.
1164	SEMPERTEGUI,L.
1165	BRAVO MANCERO,P.
1166	MERCHAN,D.
1167	NILSSON,J.
1168	LOPEZ,V.K.
1169	MACEDONIA,J.M.
1170	INFUSINO,M.
1171	DAMIANO,A.E.
1172	DA CUNHA,S.S.
1173	CASTRO HERRERA,F.
1174	VOGLER,A.J.
1175	ZAMALLOA,M.
1176	STAFFORD,C.A.
1177	RIOS ALVEAR,G.
1178	ABAZOV,V.M.
1179	SANTOLAMAZZA CARBONE,S.
1180	CEVALLOS,N.
1181	ESCALANTE VANONI,S.
1182	GRUNAUER,M.
1183	GREEN,J.
1184	GUTIERREZ,E.E.
1185	BEFUS,A.D.
1186	HAMILTON,P.S.
1187	HUTTER,C.R.
1188	GIAMPIERI,F.
1189	ECKSTEIN,O.S.
1190	SUAREZ NUNEZ,C.
1191	MINA,A.
1192	BOUHALI,O.
1193	LONGO,V.D.
1194	TOAPANTA,J.
1195	GAUDINO,R.
1196	OCHOA,S.
1197	JACOME,F.
1198	FIACCONE,R.
1199	CORDOVA,T.
1200	DUDGEON,D.
1201	LAGOS,A.S.
1202	SOLIS MARIN,F.A.
1203	CERVERA,L.
1204	DOMENICO,A.L.J.
1205	FERNANDEZ SALVADOR,C.
1206	GUTIERREZ,B.
1207	NUTMAN,T.B.
1208	ROMERO,P.
1209	SIERRA ALVAREZ,R.
1210	ROMERO,P.P.
1211	VILLEGAS AMTMANN,S.
1212	HEIDEMEYER,M.
1213	TORRES CAMBAS,Y.
1214	NARASIMHAN,R.
1215	MULLO,A.
1216	SANTIAGO ALARCON,D.
1217	PENAS LLEDO,E.M.
1218	SANCHEZ GUILLEN,R.A.
1219	ADAMS,H.P.
1220	STRUSSMANN,C.
1221	BIGONHA,S.M.
1222	GUITARRA,S.
1223	CAMINER,M.A.
1224	DECOUTERE,S.
1225	SZNYCER,D.
1226	SIMOEN,E.
1227	HILL,M.
1228	HERNANDEZ,J.A.
1229	SALINAS,A.M.
1230	JADAN,J.
1231	GUEVARA ANDINO,J.E.
1232	BINI,L.M.
1233	BAQUERO,M.I.
1234	STRAY PEDERSEN,A.
1235	EISENBERG,J.
1236	PILLAJO SULCA,G.E.
1237	SALAZAR VALENZUELA,D.
1238	WILGER,S.
1239	BERUVIDES,M.G.
1240	LOHMANN,K.J.
1241	CHAVEZ,A.C.
1242	ABERLE,O.
1243	VILLAMAR,M.P.
1244	EHLERS,J.
1245	MCDONALD,B.I.
1246	DEL BLANCO,B.G.
1247	GILLETTE,R.
1248	MCCLURE,J.W.
1249	PILLO GUANOLUISA,D.
1250	PEREZ LOPEZ,F.R.
1251	BLAKE,J.G.
1252	ZHOU,K.
1253	CARVAJAL ENDARA,S.
1254	BENITEZ ORTIZ,W.
1255	CULEBRAS,J.
1256	GALLEGOS RIOFRIO,C.A.
1257	CAZAR,D.
1258	REYES,J.
1259	VALENTIN,A.
1260	NOME,F.
1261	BRANDT,M.
1262	MOREIRA SANTOS,M.
1263	MCKNIGHT,C.
1264	GIANFAGNA,T.J.
1265	ZAVALA,L.
1266	NAYLOR,C.H.
1267	LANDAZURI,A.C.
1268	DE LA TORRE,S.
1269	STREITWIESER,D.A.
1270	REYES SERRATOS,E.
1271	ARAUZ,J.
1272	CARVAJAL,R.
1273	ALLEN COUNTER,S.
1274	QUENTIN,E.
1275	WALLEM,P.
1276	YANEZ,I.L.
1277	AVILA,R.W.
1278	DJOUAD,F.
1279	KOEKKOEK,R.T.
1280	MORENO,L.A.
1281	DIAZ,R.F.
1282	XYGALATAS,D.
1283	FREILE,C.
1284	MICHEL,A.J.
1285	GRANT,T.
1286	ZHAO,W.
1287	GAMBLE,J.
1288	SREEKANTH,K.V.
1289	FIALLOS JURADO,J.
1290	COOPER,P.
1291	ARMIJOS,R.X.
1292	CUESTA,E.A.
1293	CRUZ,S.
1294	ALEMAN INIGUEZ,P.J.
1295	COUNTER,S.A.
1296	MANZANO MOSCOSO,D.
1297	LOWE,J.R.
1298	GONZALEZ,P.
1299	LEONE,P.E.
1300	LINDSTROM,J.K.
1301	CORSO,P.
1302	N.
1303	PHILLIPS,B.E.
1304	RONMARK,E.
1305	MATEUS,C.
1306	RAMOS,L.A.
1307	SALVATORE,R.N.
1308	VITERI,R.
1309	CZEKANSKI,A.
1310	ZARAGOCIN,S.
1311	CORTES ARRIAGADA,D.
1312	HUERTA,M.
1313	BURGOS,G.
1314	ARTEAGA,A.
1315	BANIHANI,Q.
1316	MUNOZ,C.
1317	LINNEMANN,A.R.
1318	REYES,M.
1319	RIVAS,P.
1320	HIRSCHFELD,M.
1321	ANDREW ROYLE,J.
1322	LORENA DAVILA,J.
1323	PEREZ EMAN,J.L.
1324	YEPEZ,P.
1325	POTECHIN,A.
1326	SEDANO,M.G.
1327	VOGEL,P.D.
1328	ALEXEEV,G.D.
1329	COOPER,P.J.
1330	DORADO,P.
1331	GROESENEKEN,G.
1332	WEBER,A.
1333	VERONICA TORAL GRANDA,M.
1334	OLALLA,V.J.
1335	REMIREZ FIGUEREDO,D.
1336	LAVERDA,N.
1337	FUENTES,J.B.
1338	YEPEZ,R.
1339	HANISCO,T.F.
1340	ZETINA REJON,M.
1341	BEATTY,S.J.
1342	ALP,E.
1343	DOS SANTOS,D.A.
1344	APOLO,D.
1345	BARMUTA,L.A.
1346	VEIGA,R.
1347	CABRERA,N.C.
1348	VILLAR,M.
1349	GALLO,L.C.
1350	GONZALEZ LORZA,A.
1351	ST. LAURENT,C.D.
1352	ESPOSITO,D.
1353	RODRIGUEZ,D.
1354	TORAL GRANDA,V.
1355	ZHU,Y.
1356	JARAMILLO,E.P.P.
1357	PAUKER,L.
1358	ALBERT,A.
1359	CANHOTO,C.
1360	PEARSON,R.G.
1361	DE BOER,A.
1362	RINCON,L.C.
1363	WOOD,D.
1364	BRENES,E.R.
1365	BRONDIZIO,E.S.
1366	SEVILLA,E.
1367	MUSALEK,R.
1368	PEREZ TASIGCHANA,R.F.
1369	PACHECO,P.
1370	KASS,J.P.
1371	HERVAS,D.
1372	COHEN,E.B.
1373	CIOBOTA,V.
1374	BURGOS,E.
1375	SHARPE,D.M.T.
1376	VIVAR DIAZ,N.
1377	RADA,M.
1378	HORDIJK,D.A.
1379	HERAS,N.
1380	TSANG,V.C.W.
1381	ALIAS,C.
1382	CISNEROS HEREDIA,D.F.
1383	HENRY,P. Y.
1384	ESCOBAR TOLEDO,F.
1385	BENITEZ,F.L.
1386	KNIGHT,J.D.
1387	GUEVARA,C.
1388	LAMRI,G.
1389	RODRIGUES,L.
1390	ASTLE,B.
1391	MATAMOROS,C.S.
1392	ROSAS,H.D.
1393	ONTANEDA,S.
1394	GONZALEZ VACAREZZA,N.
1395	UMETON,C.P.
1396	TORRES,A.F.
1397	BAEZ,V.
1398	ZIJLMANS,J.C.M.
1399	LUSVARGHI,L.
1400	AREVALO,G.
1401	GUZZARDI,L.
1402	BALDEON,M.E.
1403	ALAVA,J.J.
1404	HOENEISEN,B.
1405	SMITH,D.L.
1406	GUNGOR,F.
1407	PIEDRA,W.G.
1408	DE LEON,L.F.
1409	BANKS,S.
1410	CASTILLO,G.
1411	VAHTER,M.
1412	GREENE,J.N.
1413	SISA,I.
1414	HUGHES,E.
1415	MASOOD,M.A.
1416	ESPINOZA,J.R.
1417	AYALA,S.
1418	PROCEL,L.M.
1419	TRIANOSKI,R.
1420	KARCHIN,P.E.
1421	MOFFATT,M.F.
1422	MARSICCOBETRE,S.
1423	VEGA,J.F.C.
1424	FERREIRA,V.
1425	STAHL,P.W.
1426	TEDESCO,P.A.
1427	ALBA,E.
1428	RICAURTE DIAZ,S.
1429	PFLUGER,V.
1430	GIL,E.
1431	NAVARRO,M.
1432	RUTTENBERG,B.I.
1433	RUIZ LUNA,H.
1434	BRAVO,M.
1435	MONDRAGON FLORES,R.
1436	MOTA,E.L.
1437	KOBAYASHI,S.
1438	RAMIREZ LUZURIAGA,M.J.
1439	MORENO,E.
1440	ZUNIGA,M.C.
1441	KENNEDY,M.
1442	BOURGEAU CHAVEZ,L.
1443	REYES CHACON,J.A.
1444	BUITRON JURADO,G.
1445	WATERS,W.F.
1446	DAVALOS DAVALOS,P.
1447	ROWE,J.W.
1448	SCHERLE MATAMOROS,C.
1449	NARVAEZ ROMERO,C.
1450	JOHNSON,T.J.
1451	BUCHANAN,B.P.
1452	SKOVPEN,Y.
1453	HERNANDEZ ORTEGA,T.
1454	GOFFREDI,S.K.
1455	OVIEDO,G.
1456	HECKMAN,K.A.
1457	MARCIANI,G.
1458	BAILLIE,J.E.M.
1459	IZURIETA,R.
1460	MACMILLAN,W.O.
1461	ANDERSON,E.P.
1462	AGUIAR OLIVEIRA,M.H.
1463	MANCHENO,S.
1464	KELLY,L.A.
1465	GUEVARA AGUIRRE,J.
1466	BURBANO,D.V.
1467	HUND,L.
1468	PODOS,J.
1469	IZURIETA,X.
1470	MEJIA,M.E.
1471	CARTRO SABATE,M.
1472	GUERRERO,N.
1473	MARTINEZ LOPEZ,Y.
1474	AULESTIA,M.
1475	DEECKE,V.B.
1476	ZUCCHELLI,S.
1477	GONZALEZ FELIU,J.
1478	VEGA,A.
1479	ALZATE TORRES,M.
1480	RYAN,J.P.
1481	CONTRERAS,R.R.
1482	FLORES,N.
1483	CORTEZ,W.X.P.
1484	VAN MOLKEN,T.
1485	CASARIEGO,I.ISABEL
1486	STEWART,C.P.
1487	MALDONADO ARCINIEGAS,F.
1488	ZVYAGINTSEV,S.A.
1489	LUND,P.A.
1490	JOBARD,G.
1491	ACOSTA VASCONEZ,N.
1492	KRONKE,G.
1493	RAMIREZ,H.
1494	PEREZ,J.
1495	FISCHER,C.
1496	RILEY,L.W.
1497	MONTERO SERRA,I.
1498	EL KABBASH,M.
1499	VANWEY,L.
1500	TEAS,J.
1501	ZUO,J.M.
1502	SOLANO UGALDE,A.
1503	MORENO,A.S.
1504	SAMONTE,G.
1505	FIELD,J.A.
1506	COLE,D.C.
1507	PULLAN,S.T.
1508	LOPEZ,F.N.
1509	GAO,Z.
1510	FIGUEROA,J.P.
1511	ENDARA,P.F.
1512	STANSELL,J.S.
1513	BRITO,J.
1514	SELWAY,R.P.
1515	BROWN,R.C.
1516	AVEIGA,I.
1517	COLLAERT,N.
1518	DONOSO,L.
1519	SORIA ZURITA,N.F.
1520	GONZALEZ,C.A.
1521	IPSEIZ,N.
1522	CARRASCO,E.
1523	LEON,A.
1524	VAN DER YEEN,C.
1525	SWAN,C.M.
1526	EISENBERG,J.N.S.
1527	BRIGGS,E.
1528	SCHREIBER,F.
1529	YANG,Y.
1530	FAIVOVICH,J.
1531	MCGOUGH MADUENA,A.
1532	ESCOBAR,L.E.
1533	PAEZ ROSAS,D.
1534	MORALES,D.
1535	PONTE,E.V.
1536	NARVAEZ,I.
1537	LUNA VELASCO,A.
1538	MATZENBACHER,N.I.
1539	KNEE,K.L.
1540	CARRION,P.L.
1541	RYAN,M.W.
1542	CASNER,K.L.
1543	ABDESSELAM,A.
1544	BAEZ ESCUDERO,J.L.
1545	COX,K.
1546	ALVARADO OROZCO,J.M.
1547	MELO,A.S.
1548	WAN,J.
1549	MATEJICEK,J.
1550	SANCHEZ CEPEDA,E.G.
1551	JUNCOSA,J.
1552	HARDESTY,B.D.
1553	VIZCAINO,I.P.
1554	BARLOCHER,F.
1555	CANNILLO,V.
1556	COLLAGUASO,M.A.
1557	GUAYASAMIN,J.M.
1558	MOREJON,J.F.
1559	ONA,J.
1560	PONCE,C.H.
1561	FACCINI,J.L.H.
1562	CHAVES,J.A.
1563	FLORES,K.P.
1564	VALDES SILVERIO,L.A.
1565	PIKE,R.D.
1566	ALONSO CALVO,R.
1567	YANEZ MUNOZ,M.
1568	ZABALA,L.
1569	PIERRET,M. C.
1570	ACOSTA,H.
1571	CABALLERO,Y.
1572	KOEKKOEK,R.
1573	PREVIDELLI,A.N.
1574	VAN BOEKEL,M.J.A.S.
1575	MACCARONIO,V.
1576	WALTER,M.T.
1577	MONTESERIN,R.
1578	CARRERA,J.
1579	OROZCO,F.
1580	GONZALEZ,F.
1581	FIGUEIREDO,C.A.
1582	ROMO,D.
1583	MONCAGATTA,P.
1584	BAHAMONDE,M.
1585	SONNENHOLZNER,J.
1586	RITZ,T.
1587	WILLIAMS,H.C.
1588	POVEDA,J.
1589	GUERRERO,V.
1590	VITERI,C.R.
1591	PAUL,A.
1592	ALIFRANGIS,M.
1593	BETANCOURT,M.
1594	MALDONADO GAVILANEZ,C.E.
1595	D.,WOODS
1596	LANTSOGHT,E.O.L.
1597	ROJAS SILVA,P.
1598	VALDOVINOS,L.A.
1599	ALVAREZ COUREAUX,Y.
1600	ORTIZ PRADO,E.
1601	HOLZENTHAL,R.W.
1602	GHABCHI,A.
1603	BURNS,K.J.
1604	RAGNARSSON,L. A.
1605	MUSE,M.C.
1606	MEHTA,R.S.
1607	CARVAJAL LARENAS,F.E.
1608	VASQUEZ,C.J.
1609	QUEZADA,V.
1610	MALIK,I.
1611	VAN GEEM,K.M.
1612	HARO BAEZ,R.
1613	PLATTS MILLS,T.A.E.
1614	MARTINEZ TYSON,D.
1615	ACOSTA BUENANO,F.
1616	ZINK,R.M.
1617	SAVIO,P.
1618	VILLACRES,E.
1619	UVAROV,S.
1620	MCCLAIN,K.L.
1621	LANDAZURI ROJAS,A.C.
1622	TROJMAN,L.
1623	CORSO,P.S.
1624	LOAYZA,N.
1625	BHAVNANI,D.
1626	DUCHICELA,S.
1627	MENNELLA,J.A.
1628	NASHIRO,K.
1629	BENALCAZAR,D.
1630	YUNDA,J.P.
1631	RUDEL,T.K.
1632	PINEDA LOPEZ,F.
1633	ZURITA,J.
1634	HARLOW,S.D.
1635	FLAGG,M.
1636	CLINTON,A.
1637	MEDINA,D.A.
1638	THOMAS,R.E.
1639	MONTALVO,J.D.
1640	MINO,S.C.
1641	ALARCON VALENZUELA,J.
1642	BERTINI,L.
1643	DEPAQUIT,J.
1644	GUERRERO,T.
1645	MAES,G.E.
1646	GUERRON,A.
1647	DRAGO,M.
1648	FULDAUER,L.
1649	SQUITIERI,E.
1650	MATE,J.
1651	PATINO,J.
1652	TRUEBA,A.F.
1653	STRINDBERG,S.
1654	PONCE,M.
1655	COOPER,E.A.
1656	BORJA ALVAREZ,T.
1657	BORG,E.
1658	RIBEIRO,R.D.
1659	CHAVES,G.
1660	CRIOLLO RAMOS,A.
1661	FIALLOS SILVA,C.
1662	WALKER,W.A.
1663	RODRIGUES,L.C.
1664	HOFFMAN,J.
1665	SCHILLER,L.
1666	DAUBER,A.
1667	VERBURG,P.
1668	PRADO,W.
1669	HAAKE,D.A.
1670	KARP,C.
1671	DICAPUA SACOTO,D.
1672	FRANCO,J.
1673	WOLFF,M.
1674	AURIOLES GAMBOA,D.
1675	VILLEGAS,E.
1676	ORTA MARTINEZ,M.
1677	SAYON OREA,C.
1678	ROBICH,R.M.
1679	VAN HERWERDEN,L.
1680	PEREZ RUZAFA,A.
1681	GILLILAND,J.W.
1682	ROJO ALVAREZ,J.L.
1683	LEON,N.
1684	ROELEN,Z.
1685	ROBALINO,A.F.
1686	HÆDERSDAL,M.
1687	MOLINA,S.
1688	CASTRO,H.
1689	CABRERA,R.M.
1690	ORTIZ,D.
1691	HEINDEL,T.J.
1692	ANGANOY CRIOLLO,M.
1693	HANNULA,S. P.
1694	LILES,M.J.
1695	GUANOCHANGA,B.
1696	DE DIOS MORALES,J.
1697	ESPARZA SANCHEZ,G.
1698	ENDARA,P.
1699	ZURITA,N.F.S.
1700	WISE,E.L.
1701	TORRENS,F.
1702	BAUS,J.
1703	ACURIO,E.
1704	JAMI CARRERA,J.
1705	ESPINEL,M.
1706	ESTRADA,J.
1707	LEWBART,G.A.
1708	BARRINGTON,C.
1709	NUNEZ QUIROZ,A.M.
1710	SMITH,T.B.
1711	VAN DER DOES,D.
1712	KATAN,T.
1713	HOPENHAYN,C.
1714	GOMES,V.H.F.
1715	DE SIO,L.
1716	CREAMER,G.
1717	FRANCO,H.J.
1718	THIEL,M.
1719	CLARK,J.L.
1720	JARA,O.
1721	SOTO CENTENO,J.A.
1722	VARELA,M.
1723	PRIETO TORRES,D.A.
1724	PROANO,J.
1725	GUEVARA,N.
1726	INFANTE,L.V.
1727	JIMENEZ,G.
1728	CABANES MARTINEZ,L.
1729	ĐAO,L.U. L.
1730	SAUVAGE,F.
1731	VIAROUGE,C.
1732	NEKKARE,R.
1733	VACA,M.G.
1734	ROSS,S.
1735	TORRES,J.A.
1736	AMAROUCHE,M.
1737	PESKOV,V.
1738	GILL,B.A.
1739	CANEIRO,A.
1740	WARD,L.M.
1741	CONDE MARTIN,J.M.
1742	ACHARYA,B.S.
1743	PARKER,P.G.
1744	URBINA,A.S.
1745	MORETTI,M.
1746	VASCO,L.
1747	BECERRA,M.
1748	EVERT,J.
1749	ROMERO,S.
1750	SEVILLA,C.
1751	KACZER,B.
1752	BRAYKOV,N.P.
1753	TUCKER,K.L.
1754	WOLFE,G.M.
1755	SUAREZ,E.
1756	DIAS,P.H.D.S.
1757	PECKHAM GREGORY,E.C.
1758	RENE,J.E.
1759	MILLER,Z.
1760	ADAM,W.
1761	ORTEGA,H.
1762	DEGHETTO,S.
1763	SALMON,A.K.
1764	GALLARDO,E.
1765	PENAHERRERA PALMA,C.
1766	BELMONT,P.
1767	GHALAMBOR,C.K.
1768	CORDOBA DONA,J.A.
1769	BORCHERS,J.A.
1770	VAN DEN TILLAART,M.
1771	VINUEZA,L.
1772	TUINHOUT,H.
1773	BAULIES,A.
1774	VERNAZA,M.G.
1775	GUARDERAS,P.
1776	PERNAS SANCHEZ,Y.
1777	GARZON,E.
1778	MCGUIRE,J.B.
1779	TROSTLE,J.
1780	OLMSTEAD,S.T.
1781	QUIROGA,C.
1782	MALDONADO SAMANIEGO,N.
1783	SARZOSA,M.
1784	DE LOURDES TORRES,M.
1785	PIETERSEA,C.M.J.
1786	JINGGUT,T.
1787	AWKERMAN,J.A.
1788	ABREU GROBOIS,F.A.
1789	RAJAKARUNA,R.S.
1790	ARSEL,M.
1791	ISABEL ROLDOS,M.
1792	RIVERA,J.
1793	GARCIA,J.L.
1794	PATTON LOPEZ,M.M.
1795	GORDILLO,R.
1796	CAIZA,M.E.
1797	ZANELLA,G.
1798	KEIM,P.
1799	VERDEZOTO,J.
1800	MONTERO,L.
1801	BANERJEE,P.P.
1802	ALEMAN INIGUEZ,V.A.
1803	XIA,H.
1804	COMMINS,S.P.
1805	VALDEBENITO,H.
1806	RIVAS MARINO,G.
1807	POLANCO,K.
1808	SALINAS,V.
1809	DE CORDOVA,C.E.F.
1810	CONTRERAS,R.
1811	GUTIERREZ,O.
1812	DAVALOS,C.
1813	P.,WOODS
1814	BERTARELLI,A.
1815	B.,VERWILLIGEN
1816	ARELLANO,S.
1817	EDWARDS,T.
1818	LEVY,K.
1819	BARIGYE,S.J.
1820	LARA CUEVA,R.
1821	RIVERO RODRIGUEZ,D.
1822	ARTILES MARTINEZ,L.M.
1823	GAVILANES,P.
1824	MUNOZ,R.
1825	CADENA,P.
1826	DRAGER,L.
1827	FRANCO TRECU,V.
1828	HILL,M.D.
1829	VARGAS,J.
1830	MONAR,J.
1831	FERNANDEZ,C.
1832	BALLESTEROS,F.
1833	SALVADOR,J.M.
1834	ESPINOSA CARRASCO,G.
1835	DIONNE,J.
1836	SMITH,D.R.
1837	PEDROZA,L.A.
1838	ROMAN,D.
1839	MENA,O.
1840	STEINBERG,D.
1841	NEILL,D.A.
1842	ZHU,J.
1843	RAYMOND,L.
1844	MEJIA,M.L.
1845	BARMETTLER,D.
1846	PROANO,C.R.
1847	CAZORLA,M.
1848	OLEAS,N.H.
1849	AUCHUS,R.J.
1850	MARQUEZ,E.
1851	MAYO GARCIA,R.
1852	BARRERA,S.
1853	COMAS,X.
1854	MEJIA,R.
1855	TIPPETT,R.
1856	PONCE,P.
1857	PEREZ GIMENEZ,F.
1858	NOORDAM BOOT,C.M.M.
1859	KIM,Y.
1860	BAILLEUL,M.
1861	REATINI,B.
1862	MORAN,P.
1863	ROSICH OLIVA,A.
1864	PASSOS,P.
1865	BOHM,M.
1866	MORENO,A.
1867	EGUIGUREN,M.
1868	JIMENEZ ARCE,G.
1869	MEDINA FRANCO,J.L.
1870	VIVERO,S.G.
1871	BUTTIGIEG,P.L.
1872	BRYSON,R.W.
1873	MALDONADO,R.
1874	JERUSALINSKY,L.
1875	PACELLI,S.
1876	KHACHATRYAN,V.
1877	CHUNG SANG WONG,M.
1878	MOTA,E.
1879	TORRES,M.
1880	LOISELLE,B.
1881	MOYA,G.E.
1882	MAUCK,W.M.
1883	OCHOA,D.
1884	PRICE,D.J.
1885	ROBAYO,L.E.
1886	PALERMO,G.
1887	VALDIVIESO,D.A.
1888	MILLER,E.
1889	CORDERO,M.
1890	VELTRI,A.
1891	HARVEY,N.
1892	PITMAN,R.L.
1893	RUIZ,V.E.O.
1894	PROANO BOLANOS,C.
1895	SANTIANA,I.
1896	FRONCZEK,F.R.
1897	V.,SIRUNYAN
1898	PROCEL,L. M.
1899	HOFFMANN,T.Y.
1900	MICHALSKI,M.
1901	STRACHAN,D.P.
1902	ESTRADA,S.
1903	LIU,C.
1904	SHANNON,M.W.
1905	ROSERO,M.F.
1906	VAN DER ENT,S.
1907	IBANEZ ESCRIBANO,A.
1908	BARRAGAN,V.A.
1909	ESCUDERO,M.
1910	UMETON,C.
1911	STEWART,C.
1912	MCGUIRE,J.A.
1913	ESTEP,J.D.
1914	VALENCIA,J.H.
1915	GRANJA,D.
1916	ALEXIADES,A.V.
1917	KAWASHITA RIBEIRO,R.A.
1918	RIVERA,D.E.
1919	KRAFFT,D.
1920	ARIAS,H.
1921	BARTOLINO,R.
1922	GARZON CHAVEZ,D.R.
1923	TORAL GRANDA,M.V.
1924	GARZON ALDAS,E.
1925	GABRIELE,C.M.
1926	DELGADO,B.
1927	TELLO,S.
1928	SELL,V.
1929	DE JONG,S.E.
1930	MARZANO,G.
1931	THYS,T.M.
1932	DAVIDOV,V.
1933	PICQ,M.L.
1934	JERVES,A.X.
1935	ALFARO SHIGUETO,J.
1936	QUINTERO,M.
1937	NGA,D. V.
1938	LUDENA,E.V.
1939	PARRA,R.
1940	MACHIN,E.
1941	BARNES,K.C.
1942	BATTINO,M.
1943	BELTRAN AYALA,P.
1944	KLICKA,J.
1945	MATAMOROS,C.E.S.
1946	HUYVAERT,K.P.
1947	PEETERS,A.J.M.
1948	CALLE,L.
1949	ABOLINS,M.
1950	CALLE,A.
1951	THE ATLAS COLLABORATION,AAD
1952	MENDONCA,L.R.
1953	MONCAYO,A. L.
1954	ARBOLEDA FAINI,X.
1955	IBANEZ,T.
1956	MANTILLA,G.
1957	FEINGOLD,B.
1958	ARIZAGA,E.
1959	CARDENAS,P.A.
1960	ANDERSON,L.
1961	YOUNG,R.
1962	DANNER,R.M.
1963	PAZ Y MINO,C.
1964	RASHED,A.R.
1965	YANEZ MUNOZ,M.H.
1966	HWA,V.
1967	RODRIGUEZ SALTOS,C.A.
1968	BORBOR CORDOVA,M.J.
1969	SPICKNALL,I.
1970	COBO,M.M.
1971	COE,K.
1972	AGUILAR,D.
1973	SCAPIN,M.
1974	BENITEZ,D.
1975	O'HERN,J.
1976	LILLESKOV,E.A.
1977	IUCOLANO,F.
1978	LARES ASSEF,I.
1979	ESCUDERO,C.
1980	SAGBAY,G.
1981	NIETO,D.
1982	ADAMS,E.R.
1983	LAMAR,W.
1984	CORTES GUZMAN,F.
1985	COLBY,M.K.
1986	MORIN,D.J.
1987	MARKOVITZ,A.R.
1988	DEL SIGNORE,K.
1989	CAICEDO,A.
1990	AAD,G.
1991	SAMANIEGO,P.
1992	TAN,J.
1993	DIAZ,J.E.
1994	STEINMETZ,N.F.
1995	TORRES,F.J.
1996	ROSENFIELD,D.
1997	VELARDE GARCEZ,D.A.
1998	RACINES,M.
1999	VIOLINI,G.
2000	BENNINGER,L.
2001	BAEZA,C.M.
2002	HENDRICH,J.
2003	GOLDSTICK,J.E.
2004	BARBER,G.N.
2005	ALMEIDA,D.
2006	FRITSCH,A.
2007	ROSEN,C.J.
2008	SUTHERLAND,W.J.
2009	MARQUEZ,K.
2010	SAMARAKOON,P.
2011	ENFIELD,N.J.
2012	BRANDHORST,S.
2013	SAHNI,H.
2014	DEL HIERRO,C.V.
2015	SALINAS DE LEON,P.
2016	VAN DER VEEN,C.
2017	VELOZ,O.A.
2018	RILEY,L.
2019	MERLEN,G.
2020	MOSQUERA,C.J.J.
2021	YANQUI RIVERA,F.
2022	SNOWDON,C.T.
2023	SCHRADER,R.
2024	NOUBIR,G.
2025	BARRAGAN V,V.
2026	TRUAX,R.
2027	TAPIA,W.
2028	CHASAR,A.C.
2029	FORNASINI,M.
2030	CURTIS,D.
2031	PONCE,Y.M.
2032	DUTTON,P.H.
2033	JOHNSON,A.T.C.
2034	ALDAZ,I.
2035	THOMPSON,J.
2036	MOLINA,G.
2037	HEARN,A.
2038	PROIETTI,S.
2039	BLASS,E. O.
2040	SIMON,E.
2041	TREVINO,A.R.
2042	VIDAL,J.
2043	PRAT FORNELLS,N.
2044	ITURRALDE,G.
2045	CAYUN,J.P.
2046	MCMEEKING,K.
2047	MORAN,E.F.
2048	MARQUEZ,S.
2049	BAMBER,M.
2050	CASTILLO GARIT,J.A.
2051	DAVALOS DAVALOS,P.A.
2052	MUNOZ,G.A.
2053	MOSQUERA,L.
2054	SOSA,D.
2055	PARASHAR,N.
2056	ANDERSON,D.J.
2057	BRIONES CLAUDETT,M.
2058	PALACIOS,I.
2059	GILLINGHAM,J.C.
2060	MAYOR,P.
2061	ARGUELLO,E.
2062	TAPIA,E.E.
2063	SAMPATH,S.
2064	SUQUILANDA,M.G.O.
2065	THOMPSON,R.M.
2066	RUIZ BLANCO,Y.B.
2067	GIUSARMA,E.
2068	STONE,R.B.
2069	PAZMINO,D.
2070	VALLE,D.
2071	FLORES,J.A.
2072	ZAK,V.
2073	VLAMINCK,V.
2074	NAM,N. H.
2075	BRIONES CLAUDETT,M.H.
2076	SANCHEZ,A.
2077	FERNANDEZ,M.A.
2078	ROMAN,M.H.
2079	FENSKE,R.A.
2080	MOCSKOS,E.
2081	GALVAN MAGANA,F.
2082	GALINA,C.S.
2083	ARCOS TORRES,A.
2084	SARRIES,A.J.
2085	RUALES,J.
2086	RACINES,M.F.M.
2087	SANCHEZ,M.E.
2088	ANTHONY,T.R.
2089	DIA,V.P.
2090	ROSELL MELE,A.
2091	SCHWARTZ,B.
2092	FIERRO CARRION,G.
2093	ALEIXO,A.
2094	AURELI,D.
2095	RAMIA,D.
2096	AGEY,E.
2097	GALINDO TORRES,S.A.
2098	BARBIERI,A.
2099	GONCALVES,F.T.
2100	THOMPSON,P.
2101	MONTERO,A.
2102	CASTOLD,A.
2103	KUMAR,A.
2104	ALVES,J.
2105	TORRES CARVAJAL,O.
2106	DE VRIES,T.
2107	LOPEZ GARCIA,E.
2108	GOODWIN,R.
2109	GARCIA ESQUETTINI,M.
2110	LEVINE,M.E.
2111	SAENZ,I.
2112	GREEN,M.E.
2113	CAVALERI,L.
2114	YAZDANBAKHSH,M.
2115	CHICAIZA ALOMOTO,S.
2116	LOGUE,C.H.
2117	CRUZ,I.
2118	CHIRIBOGA,D.E.
2119	KOHLER,J.
2120	ABAZOV,V.
2121	ZUTSHI,V.
2122	FONG,P.
2123	SAWAYA,R.J.
2124	PANZERA,D.
2125	BLASCHKE,T.
2126	ORTEGA,P.
2127	FERNANDEZ CASTILLO,A.
2128	BENNETT,A.
2129	TINOCO,B.A.
2130	GUEVARA,A.
2131	JATIVA,E.R.
2132	WOMACK,M.C.
2133	ORPHAN,V.J.
2134	BENITEZ,M.B.
2135	VEIGA,R.V.
2136	MAUCHAMP,A.
2137	URIBE TERAN,C.
2138	ZAK MNACEK,V.
2139	BARDON,O.
2140	SILVA GORDILLO,M.D.M.
2141	THE CMS COLLABORATION,SIRUNYAN
2142	GONZALEZ,S.
2143	GARCES,M.S.
2144	INTRIAGO BALDEON,D.P.
2145	BUSTAMANTE,J.A.
2146	DE AGUILAR,J.R.
2147	ALARCON,G.
2148	ALEXANDER,S.
2149	QUEK,S.
2150	LIU,J.
2151	MILLER,E.A.
2152	CARDENAS,D.
2153	DE MEJIA,E.G.
2154	LAM,B.L.
2155	MARTINS ALHO,M.A.
2156	BETHEL,J.W.
2157	TIRIRA,D.G.
2158	TUMASYAN,A.
2159	STEDTFELD,R.D.
2160	AMORIM,L.D.
2161	ASOREY,H.
2162	CUNHA,S.S.
2163	CAICEDO,A.L.
2164	ALARCON,M.
2165	TIEDJE,J.M.
2166	PICQ,M.
2167	MOITY,N.
2168	CAPUTO,R.
2169	BLAZQUEZ SANZ,D.
2170	GARCIA JACAS,C.R.
2171	FUNK,W.C.
2172	SCHULTE,R.
2173	YUNES,D.
2174	NOBOA,F.
2175	BALDEON,L.R.
2176	STASHANS,A.
2177	TEMPALSKI,B.
2178	GABELA FLORES,M.V.
2179	NORMAN,B.M.
2180	BILSBORROW,R.
2181	LU,L.
2182	INGELS,J.B.
2183	GOODWIN,K.
2184	MENA,C.F.
2185	AMIGO,X.
2186	HAUSTEIN,K.
2187	SINGER,G.P.
2188	CEULEMANS,R.
2189	HUTCHINS,F.T.
2190	TRAVEZ,A.
2191	MELENDEZ,C.A.
2192	CUMBAL,L.
2193	MOTTA,A.P.
2194	CRAWFORD,D.J.
2195	SANMARTIN VILLAR,I.
2196	TORRES,J.
2197	A.M.,VERWILLIGEN
2198	DE MORAIS CARDOSO,L.
2199	GRAHAM,J.P.
2200	PEREYRA,M.O.
2201	ACOSTA,M.
2202	ALVAREZ,Y.
2203	HIDALGO,S.
2204	POLLIER,J.
2205	CASTRO,J.
2206	SZEIMIES,R. M.
2207	HIDALGO,C.
2208	DE ANDRES,F.
2209	CORDERO REYES,A.M.
2210	OSORIO,V.G.
2211	DELGADO ESPINOZA,F.
2212	ARREGUIN SANCHEZ,F.
2213	LLERENA,A.
2214	SKUKALEK,J.R.
2215	VENEGAS,P.
2216	VILLEGAS ESCOBAR,N.
2217	BARRETO,R.
2218	MENA,C.
2219	PADRO,M.
2220	JIMENEZ ROBLES,O.
2221	DURAN ORTIZ,S.
2222	SHERMAN,R.E.
2223	SELMAN,M.H.J.
2224	HOGGATT,K.J.
2225	AALTONEN,T.
2226	RUALES CHIERUZZI,C.B.
2227	SPENCER,H.G.
2228	ASSMANN,R.
2229	DVORAK,V.
2230	SCHARGEL,W.E.
2231	STAP,P.
2232	BATISTELLA,M.
2233	RINDFUSS,R.R.
2234	SCHMITT,D.P.
2235	VIEIRA,N.
2236	BICHAUD,L.
2237	COSTA,N.M.B.
2238	ELKABBASH,M.
2239	ABBINANTE,A.
2240	PAN,W.
2241	SALES,C.H.
2242	BRYSON JR,R.W.
2243	BUSTAMANTE,R.H.
2244	GUITARRA,R.
2245	FOREST,E.
2246	JUSTEL,A.
2247	CRESPO,J.
2248	SANDIN,R.
2249	MONTENEGRO,Y.V.
2250	MARTIN,C.
2251	BIRNBAUM,P.
2252	ZAMBRANO,D.
2253	TROSTLE,J.A.
2254	TONIN,A.M.
2255	GUERRA,J.
2256	VESSEY,A.
2257	KWIAT,P.G.
2258	ALVAREZ BARRETO,J.
2259	GABRIEL,A.S.
2260	ABBOTT,B.
2261	SOSA MACIAS,M.
2262	MAGNONE,P.
2263	CRUZ,F.K.
2264	BRAVO,D.
2265	MATHUR,N.D.
2266	BUCHELI,M.E.
2267	PAINTER,K.
2268	CARRERA,M.
2269	VICUNA,Y.
2270	BANERJE,O.
2271	REA,R.
2272	CABRERA,F.
2273	CALZAVARA PINTON,P.
2274	ZIZKA,A.
2275	ROMOSER,W.S.
2276	VAN DER HAM,H.
2277	MUNOZ,D.
2278	VARIS,T.
2279	ZVEREV,E.G.
2280	NARANJO,G.
2281	LEWISON,R.R.
2282	NGUYEN,T.
2283	MENGER,F.M.
2284	CEVALLOS,W.T.
2285	CABRERA BARONA,P.
2286	RENTERIA,W.
2287	GAOS,A.R.
2288	MARRERO PONCE,Y.
2289	NAVARRO,J.C.
2290	LAZALDE RAMOS,B.P.
2291	RUIZ RODRIGUEZ,M.
2292	GONZALEZ,J.
2293	POPOOLA,W.
2294	WHITAKER,A.
2295	FLORES,M.C.
2296	ROWLEY,W.A.
2297	ATHERTON,R.
2298	HABERKORN,N.F.
2299	MANOHARAN,V.
2300	VELASCO,S.
2301	HERVAS,M.A.
2302	MEZA RAMOS,P.
2303	ABETE RIVAS,M.
2304	RITSEMA,T.
2305	GRUHN,J.A.
2306	MONTES,E.
2307	GRACA,M.A.S.
2308	SANCHEZ NIVICELA,J.C.
2309	DARDENNE,N.
2310	RAMIREZ,D.
2311	MOSES,T.
2312	SANCHEZ,F.
2313	DE RAMIREZ CARDENAS,L.L.A.
2314	ANTILLON,A.
2315	RAVIKUMAR,A.
2316	GARCES,C.N.
2317	ABRAMOV,V.
2318	SALAMON,M.B.
2319	HORDIJK,D.
2320	MOSQUERA,J.
2321	RODRIGUEZ,L.
2322	LEWISON,R.L.
2323	NIEBESKIKWIAT,D.
2324	DUENO,E.E.
2325	EISENBERG,J.N.
2326	NAKAKARUMAI,M.
2327	REDROBAN,M.
2328	VIEIRA FERNANDES,J.L.
2329	KENBER,M.
2330	BLIZARD,R.
2331	MUNAFO JR.,J.P.
2332	ALEXANDRA MELENDEZ,S.
2333	BUCHELI,M.
2334	GREEN,J.R.
2335	CIFUENTES,S.G.
2336	ESPINOZA AGUIRRE,C.
2337	BUCARAM,S.
2338	MOREIRA,J.
2339	HATSUKAMI,D.K.
2340	SNOW,G.R.
2341	KARUBIAN,J.
2342	BEATE,B.
2343	BRUNO COLMENAREZ,J.
2344	PHAM THE,H.
2345	SIVERIO MOTA,D.
2346	DZIEKAN,M.
2347	RELLO,J.
2348	JARAMILLO A.,I.M.
2349	CAZAR RAMIREZ,D.
2350	COSGROVE,C.A.
2351	KERNS,S.L.
2352	FRIEDMAN,R.
2353	ZICH,J.
2354	IBARRA FIALLO,J.
2355	PIEDRAHITA,P.
2356	OCAMPO MARTINEZ,C.
2357	LUCA,A.D.E.
2358	TERAN,R.
2359	COOK,W.D.
2360	YOUKER,K.A.
2361	MOORE,I.T.
2362	STEPANOV,I.
2363	SCHOFIELD,J.
2364	GUEMES CASTORENA,D.
2365	CHO,M.
2366	REVELO,M.
2367	MONTERO OLEAS,A.
2368	OSPINA SARRIA,J.J.
2369	CHAMBERS,C.P.
2370	PIETERSE,C.M.J.
2371	BATTAGLIA,J.
2372	BAUTISTA,V.B.
2373	DERESIENSKI,D.
2374	GUPTA,M.
2375	LEIBLER,J.H.
2376	ALCANTARA NEVES,N.
2377	DEMIREL,O.
2378	OKEY,T.A.
2379	DOMENE,H.M.
2380	ALVAREZ SUAREZ,J.M.
2381	NESPOLA,A.
2382	HIDROBO PORTILLA,A.
2383	ALVAREZ,C.A.
2384	JARAMILLO FIERRO,X.
2385	MADRIGAL,C.
2386	ORTIZ,M.
2387	SMITH,D.
2388	BAUDRION,A. L.
2389	CISNEROS HEREDIA,D.
2390	JORGE RODRIGUEZ,M.E.
2391	BURNEO,C.A.
2392	BRAVERMAN,L.E.
2393	MITRE,E.
2394	QUISHPE,R.
2395	AYALA,P.
2396	BALASUBRAMANIAN,P.
2397	FLOHR,C.
2398	DA PENA,J.M.
2399	VERONESI,I.
2400	ORTEGA,F.
2401	HADJ HENNI,L.
2402	GARCES,V.
2403	ALMEIDA,R.
2404	GIOIA,G.V.
2405	CHANG,Y.K.
2406	KOVACS GYORI,A.
2407	LOPEZ CEVALLOS,D.
2408	BOUBEKEUR,L.
2409	MONTES BOTELLA,J.L.
2410	AYALA,D.
2411	SORTE,H.S.
2412	LLANO,D.
2413	GUERRERO,P.
2414	PIZZITUTTI,F.
2415	MCGRODDY,M.E.
2416	HILL,A.D.
2417	AGUAYO LOBO,A.
2418	MCMILLAN,D.M.
2419	BUCARAM,S.J.
2420	CASTELLANOS,S.
2421	VEITIA,M.S. I.
2422	WHITE,D.W.
2423	COX,M.J.
2424	VAN VLEDDER,G.P.
2425	CAIZA,L.
2426	MONCAYO,A.L.
2427	YULE,C.M.
2428	INSUASTI ZARATE,P.
2429	COLIMON,F.
2430	CARRERA,E.
2431	AGUIRRE,O.
2432	ORTIZ,D.F.
2433	CHAPMAN,E.D.
2434	COLOMA,J.
2435	NARANJO,M. E.G.
2436	LE,N.K.
2437	CHIRIBOGA,J.
2438	CARDENAS,A.
2439	ROLAND HOLST,D.W.
2440	ZAMBRANO,C.
2441	AVILA,C.
2442	PEREZ,A.S.
2443	ALARCON,F.
2444	ANGULO,O.
2445	SCOTT,J.
2446	HEDMAN,H.
2447	MOSQUERA HIDALGO,C.
2448	SMITH,B.T.
2449	PINTO,E.M.
2450	CASTRO BURBANO,J.
2451	RIVERA,A.
2452	CONTRERAS,P.L.
2453	LENGOWSKI,E.
2454	OZCAN,S.
2455	VARGAS,S.
2456	ROA,J.A.
2457	CEVALLOS,W.
2458	HEYLINGS,P.
2459	PRINCIPE,J.C.
2460	VALDOVINOS ZARGES,C.
2461	MCCORMACK,J.E.
2462	CHRIS FUNK,W.
2463	SERAK,S.
2464	LEEMAN,M.
2465	RESTREPO,F.
2466	RODRIGUEZ,D.R.
2467	BARRENO,G.
2468	RAY,T.
2469	KOORNNEEF,A.
2470	MALDONADO,M.
2471	DEBROCK,C.
2472	RADHUBER,I.
2473	PADIAL,J.M.
2474	CHAVES,J.
2475	TOAPANTA,G.R.
2476	VALLEJO HUANGA,D.
2477	CHIRIBOGA,D.
2478	JAMES,H.R.
2479	FLOWERS,J.R.
2480	MATEUS,M.C.
2481	ENGIE,K.
2482	UQUILLAS,S.
2483	HUBBARD,A.
2484	WEYANT,C.
2485	ESCUDERO,D.R.
2486	BROSS,A.
2487	GARCIA,M. G.
2488	BORN,A.F.
2489	AGUILERA PESANTES,D.
2490	URGILES,V.L.
2491	PLUCK,G.
2492	ALCALAY,L.
2493	ZUJUR,D.
2494	BONACCORSO,E.
2495	QUINTERO,D.
2496	LAUBLI,T.
2497	SOLBERG,O.D.
2498	DE LA RIVA,I.
2499	AMOS,N.A.
2500	JATIVA,R.
2501	EITZINGER,A.
2502	MA,B.
2503	MCCLURE,L.A.
2504	LIPS,K.R.
2505	ITURRALDE,M.
2506	VILLACIS ACUNA,J.E.
2507	BERNARDI,M.
2508	TORO LABBE,A.
2509	MEJIA,C.A.
2510	SELLERS,S.
2511	RIBEIRO,R.
2512	RODRIGUEZ GUERRA,A.
2513	KANE,H.J.
2514	CASTILLO,J.A.
2515	AUBARD,J.
2516	CRUZ,M.E.
2517	LAMAR,W.W.
2518	SKERFVING,S.
2519	SALAZAR,S.
2520	ZIEMINSKA,D.
2521	G.,ABBOTT
2522	HUBNER,M.P.
2523	KOMARNYTSKY,S.
2524	SCHNEIDER,L.C.
2525	MARTINEZ SANTIAGO,O.
2526	GUALOTO,P.
2527	WILLIAMS,J.L.
2528	JENSEN,M.P.
2529	ALDAZ,P.C.
2530	CALDERON,M.
2531	KRABBE,N.
2532	BENITEZ,D.S.
2533	GUILLEMOT,J.R.
2534	WALRAVEN,J.
2535	VENEGAS,P.J.
2536	PORTILLA,J.
2537	WOODWARD,A.
2538	VAN DEN ENDE,J.
2539	CAMPBELL,J.A.
2540	SAMANIEGO ONOFRE,E.
2541	DATTOLI,V.C.C.
2542	DUENAS,G.
2543	FRIEDMAN,S.R.
2544	MORALES,M.F.
2545	AQUINO,R.
2546	VITALI,F.
2547	POSLIGUA,V.
2548	MEERS,P.R.
2549	WANDERLIND,E.H.
2550	OROZCO UGARRIZA,M.E.
2551	CRUPI,F.
2552	SAMPEDRO,C.
2553	XIAOZHENG,Y.
2554	NUNEZ,M.
2555	ALMEIDA STREITWIESER,D.
2556	CALERO,C.
