Source;Target;Weight
Santos, V.;Sappa, A.D.;4
Santos, V.;Oliveira, M.;4
Santos, V.;de la Escalera, A.;1
Sappa, A.D.;Oliveira, M.;5
Sappa, A.D.;de la Escalera, A.;1
Oliveira, M.;de la Escalera, A.;1
Ponguillo, R.A.;Padilla, V.S.;3
Ponguillo, R.A.;Ordoñez, D.M.;1
Padilla, V.S.;Ordoñez, D.M.;1
Ortiz-Rojas, M.;Chiluiza, K.;3
Ortiz-Rojas, M.;Valcke, M.;3
Chiluiza, K.;Valcke, M.;3
Cobos, R.;Hernandez, J.;1
Cobos, R.;Abad, A.G.;1
Hernandez, J.;Abad, A.G.;3
Andrade, X.;Cedeno, J.;1
Andrade, X.;Boza, E.;1
Andrade, X.;Abad, C.;1
Andrade, X.;Murillo, J.;1
Cedeno, J.;Boza, E.;1
Cedeno, J.;Abad, C.;1
Cedeno, J.;Murillo, J.;1
Boza, E.;Abad, C.;2
Boza, E.;Murillo, J.;1
Abad, C.;Murillo, J.;1
Torres, J.;Vaca, C.;7
Aragon, H.;Braganza, S.;1
Aragon, H.;Boza, E.F.;1
Aragon, H.;Parrales, J.;1
Aragon, H.;Abad, C.L.;1
Braganza, S.;Boza, E.F.;1
Braganza, S.;Parrales, J.;1
Braganza, S.;Abad, C.L.;1
Boza, E.F.;Parrales, J.;1
Boza, E.F.;Abad, C.L.;6
Parrales, J.;Abad, C.L.;1
Collaguazo Jaramillo, A.;Alcivar, R.;1
Collaguazo Jaramillo, A.;Pesantez, J.;1
Collaguazo Jaramillo, A.;Ponguillo, R.;1
Alcivar, R.;Pesantez, J.;1
Alcivar, R.;Ponguillo, R.;1
Pesantez, J.;Ponguillo, R.;1
Echeverria, V.;Martinez-Maldonado, R.;7
Echeverria, V.;Shum, S.B.;4
Martinez-Maldonado, R.;Shum, S.B.;4
Wong-Villacres, M.;Kumar, N.;3
Wong-Villacres, M.;DiSalvo, B.;2
Kumar, N.;DiSalvo, B.;2
Vishwanath, A.;Karusala, N.;1
Vishwanath, A.;Wong-Villacres, M.;2
Vishwanath, A.;Kumar, N.;2
Karusala, N.;Wong-Villacres, M.;1
Karusala, N.;Kumar, N.;1
Aumala, G.;Boza, E.;1
Aumala, G.;Ortiz-Aviles, L.;1
Aumala, G.;Totoy, G.;1
Aumala, G.;Abad, C.;1
Boza, E.;Ortiz-Aviles, L.;1
Boza, E.;Totoy, G.;1
Ortiz-Aviles, L.;Totoy, G.;1
Ortiz-Aviles, L.;Abad, C.;1
Totoy, G.;Abad, C.;1
Do, T.H.;Minh Nguyen, D.;1
Do, T.H.;Tsiligianni, E.;1
Do, T.H.;Philips, W.;1
Do, T.H.;Deligiannis, N.;1
Minh Nguyen, D.;Tsiligianni, E.;1
Minh Nguyen, D.;Philips, W.;1
Minh Nguyen, D.;Deligiannis, N.;1
Tsiligianni, E.;Philips, W.;1
Tsiligianni, E.;Deligiannis, N.;1
Philips, W.;Deligiannis, N.;1
Talluri, S.;Abad, C.L.;1
Talluri, S.;Łuszczak, A.;1
Talluri, S.;Iosup, A.;1
Abad, C.L.;Łuszczak, A.;1
Abad, C.L.;Iosup, A.;2
Łuszczak, A.;Iosup, A.;1
Bezemer, C.-P.;Eismann, S.;1
Bezemer, C.-P.;Ferme, V.;1
Bezemer, C.-P.;Walter, J.;1
Bezemer, C.-P.;Willnecker, F.;1
Eismann, S.;Ferme, V.;1
Eismann, S.;Walter, J.;1
Eismann, S.;Willnecker, F.;1
Ferme, V.;Walter, J.;1
Ferme, V.;Willnecker, F.;1
Walter, J.;Willnecker, F.;1
Encalada, A.;Orellana Fantoni, C.;1
Encalada, A.;Vaca, C.;1
Encalada, A.;Gorotiza, J.;1
Encalada, A.;Pilco, N.;1
Orellana Fantoni, C.;Vaca, C.;1
Orellana Fantoni, C.;Gorotiza, J.;1
Orellana Fantoni, C.;Pilco, N.;1
Vaca, C.;Gorotiza, J.;1
Vaca, C.;Pilco, N.;1
Gorotiza, J.;Pilco, N.;1
Fiallos, A.;Jimenes, K.;3
Estrada-Cedeno, P.;Layedra, F.;1
Estrada-Cedeno, P.;Castillo-Lopez, G.;1
Estrada-Cedeno, P.;Vaca, C.;1
Layedra, F.;Castillo-Lopez, G.;1
Layedra, F.;Vaca, C.;3
Castillo-Lopez, G.;Vaca, C.;1
Bayona, O.;Ochoa, D.;3
Bayona, O.;Criollo, R.;2
Bayona, O.;Cevallos-Cevallos, J.;1
Bayona, O.;Liao, W.;2
Ochoa, D.;Criollo, R.;3
Ochoa, D.;Cevallos-Cevallos, J.;1
Ochoa, D.;Liao, W.;3
Criollo, R.;Cevallos-Cevallos, J.;1
Criollo, R.;Liao, W.;2
Cevallos-Cevallos, J.;Liao, W.;1
Fiallos, A.;Ochoa, X.;3
Van Gheluwe, C.;Lopez, A.J.;1
Van Gheluwe, C.;Gautama, S.;1
Lopez, A.J.;Gautama, S.;3
Cortez, D.;Ponguillo, R.;1
Andrade, X.;Layedra, F.;1
Andrade, X.;Vaca, C.;1
Andrade, X.;Cruz, E.;1
Layedra, F.;Cruz, E.;1
Vaca, C.;Cruz, E.;1
Kuffó, L.;Vaca, C.;2
Kuffó, L.;Izquierdo, E.;1
Kuffó, L.;Bustamante, J.C.;1
Vaca, C.;Izquierdo, E.;2
Vaca, C.;Bustamante, J.C.;2
Izquierdo, E.;Bustamante, J.C.;2
Cevallos, H.;Intriago, G.;3
Cevallos, H.;Plaza, D.;3
Intriago, G.;Plaza, D.;3
Intriago, G.;Intriago, R.;1
Cevallos, H.;Intriago, R.;1
Plaza, D.;Intriago, R.;1
Villavicencio, M.;Oyola, A.;1
Villavicencio, M.;Izquierdo, E.;2
Oyola, A.;Izquierdo, E.;1
Collaguazo-Jaramillo, A.;Villavicencio, M.;1
Collaguazo-Jaramillo, A.;Moreira, V.;1
Collaguazo-Jaramillo, A.;Lara, P.;1
Villavicencio, M.;Moreira, V.;1
Villavicencio, M.;Lara, P.;1
Moreira, V.;Lara, P.;1
Torres, J.;García, S.;2
Torres, J.;Peláez, E.;4
García, S.;Peláez, E.;2
Rivadeneira, R.E.;Suárez, P.L.;1
Rivadeneira, R.E.;Sappa, A.D.;1
Rivadeneira, R.E.;Vintimilla, B.X.;1
Suárez, P.L.;Sappa, A.D.;5
Suárez, P.L.;Vintimilla, B.X.;5
Sappa, A.D.;Vintimilla, B.X.;17
Quelal, R.;Mendoza, L.E.;1
Quelal, R.;Villavicencio, M.;2
Mendoza, L.E.;Villavicencio, M.;2
Arana, R.C.;Mena, L.;1
Arana, R.C.;Montes, H.;1
Arana, R.C.;Cajo, R.;1
Mena, L.;Montes, H.;1
Mena, L.;Cajo, R.;1
Montes, H.;Cajo, R.;1
Arévalo-Avecillas, D.;Padilla-Lozano, C.;1
Arévalo-Avecillas, D.;Pino, R.;1
Arévalo-Avecillas, D.;Cevallos, H.;1
Padilla-Lozano, C.;Pino, R.;1
Padilla-Lozano, C.;Cevallos, H.;1
Pino, R.;Cevallos, H.;1
Recalde, L.;Mendieta, J.;1
Recalde, L.;Boratto, L.;1
Recalde, L.;Vaca, C.;1
Recalde, L.;Baquerizo, G.;1
Mendieta, J.;Boratto, L.;1
Mendieta, J.;Vaca, C.;3
Mendieta, J.;Baquerizo, G.;2
Boratto, L.;Vaca, C.;1
Boratto, L.;Baquerizo, G.;1
Vaca, C.;Baquerizo, G.;4
Macarini, L.A.;Lemos dos Santos, H.;1
Macarini, L.A.;Cechinel, C.;1
Macarini, L.A.;Alonso, G.E.;1
Macarini, L.A.;Díaz, P.;1
Lemos dos Santos, H.;Cechinel, C.;1
Lemos dos Santos, H.;Alonso, G.E.;1
Lemos dos Santos, H.;Díaz, P.;1
Cechinel, C.;Alonso, G.E.;3
Cechinel, C.;Díaz, P.;1
Alonso, G.E.;Díaz, P.;1
Cajo, R.;Mac, T.T.;1
Cajo, R.;Plaza, D.;1
Cajo, R.;De Keyser, R.;1
Cajo, R.;Ionescu, C.;1
Mac, T.T.;Plaza, D.;1
Mac, T.T.;De Keyser, R.;1
Mac, T.T.;Ionescu, C.;1
Plaza, D.;De Keyser, R.;1
Plaza, D.;Ionescu, C.;1
De Keyser, R.;Ionescu, C.;1
Rottondi, C.;Verticale, G.;1
Rottondi, C.;Fraternali, P.;1
Rottondi, C.;Hidasi, B.;1
Rottondi, C.;Vaca Ruiz, C.K.;1
Verticale, G.;Fraternali, P.;1
Verticale, G.;Hidasi, B.;1
Verticale, G.;Vaca Ruiz, C.K.;1
Fraternali, P.;Hidasi, B.;1
Fraternali, P.;Vaca Ruiz, C.K.;1
Hidasi, B.;Vaca Ruiz, C.K.;1
Ortega, A.P.;Merrett, G.V.;1
Ortega, A.P.;Ramchurn, S.D.;1
Merrett, G.V.;Ramchurn, S.D.;1
Ferrin, A.;Larrea, J.;1
Ferrin, A.;Realpe, M.;1
Ferrin, A.;Ochoa, D.;1
Larrea, J.;Realpe, M.;1
Larrea, J.;Ochoa, D.;1
Realpe, M.;Ochoa, D.;1
Campana, F.;Dominguez, F.;2
Mendieta, M.;Panchana, F.;1
Mendieta, M.;Andrade, B.;1
Mendieta, M.;Vintimilla, B.;1
Mendieta, M.;Romero, D.;2
Panchana, F.;Andrade, B.;1
Panchana, F.;Vintimilla, B.;1
Panchana, F.;Romero, D.;1
Andrade, B.;Vintimilla, B.;1
Andrade, B.;Romero, D.;1
Vintimilla, B.;Romero, D.;1
Martinez, C.;Eras, L.;1
Martinez, C.;Dominguez, F.;1
Eras, L.;Dominguez, F.;1
Alcivar-Molina, E.;Hurel, J.;1
Alcivar-Molina, E.;Teran, E.;1
Alcivar-Molina, E.;Ponguillo, R.;1
Alcivar-Molina, E.;Loayza, F.R.;1
Hurel, J.;Teran, E.;1
Hurel, J.;Ponguillo, R.;1
Hurel, J.;Loayza, F.R.;1
Teran, E.;Ponguillo, R.;1
Teran, E.;Loayza, F.R.;1
Ponguillo, R.;Loayza, F.R.;1
Loayza, F.R.;Sola-Mora, J.;1
Loayza, F.R.;Castro-Valladares, L.;1
Loayza, F.R.;Nunez-Idrovo, L.;1
Loayza, F.R.;Mora, H.;1
Sola-Mora, J.;Castro-Valladares, L.;1
Sola-Mora, J.;Nunez-Idrovo, L.;1
Sola-Mora, J.;Mora, H.;1
Castro-Valladares, L.;Nunez-Idrovo, L.;1
Castro-Valladares, L.;Mora, H.;1
Nunez-Idrovo, L.;Mora, H.;1
Vaca-Urbano, F.;Alvarez-Alvarado, M.S.;3
Vaca-Urbano, F.;Cordova-Villagomez, J.;1
Vaca-Urbano, F.;Recalde, A.;2
Vaca-Urbano, F.;Blazquez, F.;1
Alvarez-Alvarado, M.S.;Cordova-Villagomez, J.;1
Alvarez-Alvarado, M.S.;Recalde, A.;2
Alvarez-Alvarado, M.S.;Blazquez, F.;1
Cordova-Villagomez, J.;Recalde, A.;1
Cordova-Villagomez, J.;Blazquez, F.;1
Recalde, A.;Blazquez, F.;1
Recalde, A.;Endara, I.;2
Recalde, A.;Torres, J.;1
Endara, I.;Torres, J.;1
Endara, I.;Alvarez-Alvarado, M.S.;1
Endara, I.;Vaca-Urbano, F.;1
Torres, J.;Alvarez-Alvarado, M.S.;1
Torres, J.;Vaca-Urbano, F.;1
Cipriano, D.;Rengifo, J.;1
Cipriano, D.;Aller, J.M.;1
Rengifo, J.;Aller, J.M.;2
Rengifo, J.;Romero, J.;1
Romero, J.;Aller, J.M.;1
Asanza, V.;Pelaez, E.;4
Asanza, V.;Loayza, F.;3
Asanza, V.;Diaz, J.;1
Asanza, V.;Valarezo, E.;1
Pelaez, E.;Loayza, F.;3
Pelaez, E.;Diaz, J.;1
Pelaez, E.;Valarezo, E.;1
Loayza, F.;Diaz, J.;1
Loayza, F.;Valarezo, E.;1
Diaz, J.;Valarezo, E.;1
Suarez, P.L.;Sappa, A.D.;6
Suarez, P.L.;Vintimilla, B.X.;6
Suarez, P.L.;Hammoud, R.I.;2
Sappa, A.D.;Hammoud, R.I.;2
Vintimilla, B.X.;Hammoud, R.I.;2
Villegas, P.;Mena, L.;1
Villegas, P.;Constantine, A.;1
Villegas, P.;Villalba, R.;1
Villegas, P.;Ochoa, D.;1
Mena, L.;Constantine, A.;1
Mena, L.;Villalba, R.;1
Mena, L.;Ochoa, D.;1
Constantine, A.;Villalba, R.;1
Constantine, A.;Ochoa, D.;1
Villalba, R.;Ochoa, D.;1
Baidal, C.S.;Salazar, D.S.;1
Baidal, C.S.;Padilla, V.S.;1
Baidal, C.S.;Estrada, R.L.;1
Baidal, C.S.;Arreaga, N.X.;1
Salazar, D.S.;Padilla, V.S.;1
Salazar, D.S.;Estrada, R.L.;1
Salazar, D.S.;Arreaga, N.X.;1
Padilla, V.S.;Estrada, R.L.;1
Padilla, V.S.;Arreaga, N.X.;2
Estrada, R.L.;Arreaga, N.X.;1
Velásquez, W.;Chalen, M.;2
Velásquez, W.;Salvachúa, J.;3
Chalen, M.;Salvachúa, J.;1
Liao, W.;Zhao, Y.;1
Liao, W.;Rugel, G.M.V.;1
Liao, W.;Philips, W.;2
Ochoa, D.;Zhao, Y.;1
Ochoa, D.;Rugel, G.M.V.;1
Ochoa, D.;Philips, W.;7
Zhao, Y.;Rugel, G.M.V.;1
Zhao, Y.;Philips, W.;1
Rugel, G.M.V.;Philips, W.;1
Dye, M.;Kumar, N.;1
Dye, M.;Schlesinger, A.;1
Dye, M.;Pal, J.;1
Dye, M.;Gray, M.L.;1
Kumar, N.;Schlesinger, A.;1
Kumar, N.;Pal, J.;1
Kumar, N.;Gray, M.L.;1
Schlesinger, A.;Pal, J.;1
Schlesinger, A.;Gray, M.L.;1
Pal, J.;Gray, M.L.;1
Lucas, P.;Loayza, K.;2
Lucas, P.;Peláez, E.;3
Loayza, K.;Peláez, E.;1
Castro, S.J.;Jácome, L.;1
Castro, S.J.;Concha, A.G.;1
Castro, S.J.;Miño, M.F.;1
Castro, S.J.;De Lourdes Pilay, M.;1
Jácome, L.;Concha, A.G.;1
Jácome, L.;Miño, M.F.;1
Jácome, L.;De Lourdes Pilay, M.;1
Concha, A.G.;Miño, M.F.;1
Concha, A.G.;De Lourdes Pilay, M.;1
Miño, M.F.;De Lourdes Pilay, M.;1
Cordova-Garcia, J.;Xie, D.-L.;1
Cordova-Garcia, J.;Wang, X.;2
Xie, D.-L.;Wang, X.;1
Cordova Estrella, R.;Marin-Garcia, I.;1
Cordova Estrella, R.;Munoz-Arcentales, J.A.;1
Cordova Estrella, R.;Asanza, V.;1
Cordova Estrella, R.;Velasquez Vargas, W.A.;1
Marin-Garcia, I.;Munoz-Arcentales, J.A.;1
Marin-Garcia, I.;Asanza, V.;1
Marin-Garcia, I.;Velasquez Vargas, W.A.;1
Munoz-Arcentales, J.A.;Asanza, V.;1
Munoz-Arcentales, J.A.;Velasquez Vargas, W.A.;1
Asanza, V.;Velasquez Vargas, W.A.;1
MacArini, L.A.;Cechinel, C.;1
MacArini, L.A.;Dos Santos, H.L.;1
MacArini, L.A.;Alonso, G.E.;1
MacArini, L.A.;Casas, A.P.;1
Cechinel, C.;Dos Santos, H.L.;4
Cechinel, C.;Casas, A.P.;1
Dos Santos, H.L.;Alonso, G.E.;2
Dos Santos, H.L.;Casas, A.P.;1
Alonso, G.E.;Casas, A.P.;1
Jurado-Verdu, C.;Guerra, V.;2
Jurado-Verdu, C.;Rabadan, J.;2
Jurado-Verdu, C.;Perez-Jimenez, R.;2
Jurado-Verdu, C.;Chavez-Burbano, P.;2
Guerra, V.;Rabadan, J.;4
Guerra, V.;Perez-Jimenez, R.;4
Guerra, V.;Chavez-Burbano, P.;3
Rabadan, J.;Perez-Jimenez, R.;4
Rabadan, J.;Chavez-Burbano, P.;3
Perez-Jimenez, R.;Chavez-Burbano, P.;4
Boza, E.F.;Villavicencio, M.;3
Boza, E.F.;Quimba, S.;2
Abad, C.L.;Villavicencio, M.;2
Abad, C.L.;Quimba, S.;2
Villavicencio, M.;Quimba, S.;3
Luzardo, G.;Aelterman, J.;2
Luzardo, G.;Luong, H.;2
Luzardo, G.;Ochoa, D.;2
Luzardo, G.;Rousseaux, S.;1
Aelterman, J.;Luong, H.;2
Aelterman, J.;Ochoa, D.;2
Aelterman, J.;Rousseaux, S.;1
Luong, H.;Ochoa, D.;2
Luong, H.;Rousseaux, S.;1
Ochoa, D.;Rousseaux, S.;1
Velasquez, W.;Alvarez-Alvarado, M.S.;1
Velasquez, W.;Salvachua, J.;2
Alvarez-Alvarado, M.S.;Salvachua, J.;1
Gonzalez, A.;Velasquez, W.;1
Velasquez, W.;Munoz-Arcentales, A.;2
Velasquez, W.;Rodriguez, J.S.;1
Munoz-Arcentales, A.;Rodriguez, J.S.;1
Caio, R.;Copot, C.;1
Caio, R.;Ionescu, C.M.;1
Caio, R.;De Kevser, R.;1
Caio, R.;Plaza, D.;1
Copot, C.;Ionescu, C.M.;1
Copot, C.;De Kevser, R.;1
Copot, C.;Plaza, D.;1
Ionescu, C.M.;De Kevser, R.;1
Ionescu, C.M.;Plaza, D.;1
De Kevser, R.;Plaza, D.;1
Lucas, P.;Vaca, D.;1
Lucas, P.;Dominguez, F.;1
Lucas, P.;Ochoa, X.;1
Vaca, D.;Dominguez, F.;1
Vaca, D.;Ochoa, X.;1
Dominguez, F.;Ochoa, X.;2
Oviedo, I.D.;Altamirano, C.A.;1
Oviedo, I.D.;Millan, M.E.;1
Oviedo, I.D.;Arreaga, N.X.;1
Oviedo, I.D.;Padilla, V.S.;1
Altamirano, C.A.;Millan, M.E.;1
Altamirano, C.A.;Arreaga, N.X.;1
Altamirano, C.A.;Padilla, V.S.;1
Millan, M.E.;Arreaga, N.X.;1
Millan, M.E.;Padilla, V.S.;1
Soria, X.;Sappa, A.D.;3
Charco, J.L.;Vintimilla, B.X.;1
Charco, J.L.;Sappa, A.D.;1
Quelal, R.E.;Villavicencio, M.;1
Quelal, R.E.;Mendoza, L.E.;1
Wong-Villacres, M.;Kumar, A.;1
Kumar, A.;Vishwanath, A.;1
Kumar, A.;DiSalvo, B.;1
Kumar, A.;Kumar, N.;1
Vishwanath, A.;DiSalvo, B.;1
Castillo, G.;Layedra, F.;1
Castillo, G.;Guaranda, M.-B.;1
Castillo, G.;Lara, P.;1
Castillo, G.;Vaca, C.;2
Layedra, F.;Guaranda, M.-B.;1
Layedra, F.;Lara, P.;1
Guaranda, M.-B.;Lara, P.;1
Guaranda, M.-B.;Vaca, C.;1
Lara, P.;Vaca, C.;1
Kuffo, L.;Vaca, C.;1
Kuffo, L.;Izquierdo, E.;1
Kuffo, L.;Bustamante, J.C.;1
Fiallos, A.;Fiallos, C.;1
Fiallos, A.;Figueroa, S.;1
Jimenes, K.;Fiallos, C.;1
Jimenes, K.;Figueroa, S.;1
Fiallos, C.;Figueroa, S.;1
Alomari, A.;April, A.;1
Alomari, A.;Monsalve, C.;1
Alomari, A.;Gawanmeh, A.;1
April, A.;Monsalve, C.;6
April, A.;Gawanmeh, A.;1
Monsalve, C.;Gawanmeh, A.;1
Evans, H.I.;Wong-Villacres, M.;1
Evans, H.I.;Castro, D.;1
Evans, H.I.;Dye, M.;1
Evans, H.I.;Bruckman, A.;1
Wong-Villacres, M.;Castro, D.;1
Wong-Villacres, M.;Dye, M.;1
Wong-Villacres, M.;Bruckman, A.;1
Castro, D.;Dye, M.;1
Castro, D.;Bruckman, A.;1
Dye, M.;Bruckman, A.;1
Abad, C.L.;Eyk, E.V.;1
Boza, E.F.;Eyk, E.V.;1
Van Eyk, E.;Iosup, A.;1
Van Eyk, E.;Abad, C.L.;1
Van Eyk, E.;Grohmann, J.;1
Van Eyk, E.;Eismann, S.;1
Iosup, A.;Grohmann, J.;1
Iosup, A.;Eismann, S.;1
Abad, C.L.;Grohmann, J.;1
Abad, C.L.;Eismann, S.;1
Grohmann, J.;Eismann, S.;1
Bonilla, R.I.;Abad, C.L.;2
Carrillo, G.E.;Abad, C.L.;1
Bonilla, R.I.;Crow, J.J.;1
Bonilla, R.I.;Basantes, L.S.;1
Bonilla, R.I.;Cruz, L.G.;1
Crow, J.J.;Basantes, L.S.;1
Crow, J.J.;Cruz, L.G.;1
Basantes, L.S.;Cruz, L.G.;1
Soria, X.;Akbarinia, A.;1
Sappa, A.D.;Akbarinia, A.;1
Ochoa, X.;Domínguez, F.;3
Ochoa, X.;Guamán, B.;4
Ochoa, X.;Falcones, G.;1
Ochoa, X.;Castells, J.;4
Domínguez, F.;Guamán, B.;1
Domínguez, F.;Falcones, G.;1
Domínguez, F.;Castells, J.;1
Guamán, B.;Falcones, G.;1
Guamán, B.;Castells, J.;4
Falcones, G.;Castells, J.;3
Echeverria, V.;Granda, R.;2
Echeverria, V.;Conati, C.;1
Martinez-Maldonado, R.;Granda, R.;1
Martinez-Maldonado, R.;Conati, C.;1
Granda, R.;Conati, C.;1
Granda, R.;Shum, S.B.;1
Conati, C.;Shum, S.B.;1
Shum, S.B.;Ferguson, R.;1
Shum, S.B.;Merceron, A.;1
Shum, S.B.;Ochoa, X.;1
Ferguson, R.;Merceron, A.;1
Ferguson, R.;Ochoa, X.;1
Merceron, A.;Ochoa, X.;1
Phatak, S.S.;Freigoun, M.T.;1
Phatak, S.S.;Martín, C.A.;1
Phatak, S.S.;Klasnja, P.;1
Phatak, S.S.;Hekler, E.B.;2
Freigoun, M.T.;Martín, C.A.;1
Freigoun, M.T.;Klasnja, P.;1
Freigoun, M.T.;Hekler, E.B.;1
Martín, C.A.;Klasnja, P.;1
Martín, C.A.;Hekler, E.B.;3
Klasnja, P.;Hekler, E.B.;1
Velásquez, W.;Munoz-Arcentales, A.;3
Velásquez, W.;Chalén, T.M.;1
Munoz-Arcentales, A.;Chalén, T.M.;1
Munoz-Arcentales, A.;Salvachúa, J.;2
Chalén, T.M.;Salvachúa, J.;1
Munoz-Arcentales, A.;Montoya, A.;1
Munoz-Arcentales, A.;Chalen, M.;1
Montoya, A.;Chalen, M.;1
Montoya, A.;Velásquez, W.;1
Velasquez, W.;Yanez, W.;1
Munoz-Arcentales, A.;Yanez, W.;1
Munoz-Arcentales, A.;Salvachua, J.;1
Yanez, W.;Salvachua, J.;1
Mendieta, M.;Martin, C.A.;1
Mendieta, M.;Abad, C.L.;1
Martin, C.A.;Abad, C.L.;1
Campana, F.;Pinargote, A.;1
Campana, F.;Pelaez, E.;1
Pinargote, A.;Dominguez, F.;1
Pinargote, A.;Pelaez, E.;1
Dominguez, F.;Pelaez, E.;1
Recalde, A.;Quimis, M.;1
Recalde, A.;Romero, C.;1
Endara, I.;Quimis, M.;1
Endara, I.;Romero, C.;1
Quimis, M.;Romero, C.;1
Torres, J.;Ochoa, A.;1
Torres, J.;Jimenez, A.;2
Torres, J.;Pelaez, E.;1
Torres, J.;Ochoa, X.;2
Ochoa, A.;Jimenez, A.;1
Ochoa, A.;Pelaez, E.;1
Ochoa, A.;Ochoa, X.;1
Jimenez, A.;Pelaez, E.;1
Jimenez, A.;Ochoa, X.;2
Pelaez, E.;Ochoa, X.;1
Castro, S.J.;Boza, E.F.;1
Castro, S.J.;Abad, C.L.;1
Loayza, K.;Pelaez, E.;1
Lucas, P.;Pelaez, E.;1
Jurado, D.;Maya, R.;1
Jurado, D.;Dominguez, F.;1
Jurado, D.;Ochoa, X.;1
Maya, R.;Dominguez, F.;1
Maya, R.;Ochoa, X.;1
Boza, E.F.;Plaza, J.A.;1
Abad, C.L.;Plaza, J.A.;1
Villavicencio, M.;Plaza, J.A.;1
Quimba, S.;Plaza, J.A.;1
Asanza, V.;Martin, C.A.;1
Asanza, V.;Eslambolchilar, P.;1
Asanza, V.;Cajo, R.;1
Asanza, V.;Salazar, C.;1
Martin, C.A.;Eslambolchilar, P.;1
Martin, C.A.;Cajo, R.;1
Martin, C.A.;Salazar, C.;1
Eslambolchilar, P.;Cajo, R.;1
Eslambolchilar, P.;Salazar, C.;1
Cajo, R.;Salazar, C.;1
Cajo, R.;Godoy, C.;1
Cajo, R.;Romero, J.;1
Cajo, R.;Bosquez, C.;1
Cajo, R.;Huilcapi, V.;1
Godoy, C.;Romero, J.;1
Godoy, C.;Bosquez, C.;1
Godoy, C.;Huilcapi, V.;1
Romero, J.;Bosquez, C.;1
Romero, J.;Huilcapi, V.;1
Bosquez, C.;Huilcapi, V.;1
Valle, D.;Villavicencio, J.;1
Valle, D.;Muñoz, L.;1
Valle, D.;Molina, M.;1
Valle, D.;Ponguillo, R.;1
Villavicencio, J.;Muñoz, L.;1
Villavicencio, J.;Molina, M.;1
Villavicencio, J.;Ponguillo, R.;1
Muñoz, L.;Molina, M.;1
Muñoz, L.;Ponguillo, R.;1
Molina, M.;Ponguillo, R.;1
Veriñaz, H.I.;Vela, E.M.;2
Veriñaz, H.I.;Ponguillo, R.A.;2
Vela, E.M.;Ponguillo, R.A.;2
Ochoa, X.;Chiluiza, K.;9
Ochoa, X.;Granda, R.;1
Chiluiza, K.;Granda, R.;3
Chiluiza, K.;Castells, J.;5
Chiluiza, K.;Guamán, B.;4
Granda, R.;Castells, J.;2
Granda, R.;Guamán, B.;1
Villavicencio, M.;Pincay, J.;4
Villavicencio, M.;Desiderio, K.;1
Pincay, J.;Desiderio, K.;1
Pincay, J.;Quimba, S.;1
Desiderio, K.;Quimba, S.;1
Torres, J.;Ortiz, K.;1
Torres, J.;García, J.;1
Ortiz, K.;García, J.;1
Ortiz, K.;Vaca, C.;2
García, J.;Vaca, C.;1
Jiménes, K.;Pincay, J.;1
Jiménes, K.;Villavicencio, M.;1
Jiménes, K.;Jiménez, A.;1
Pincay, J.;Jiménez, A.;1
Villavicencio, M.;Jiménez, A.;1
Rosero, S.;Jimenez, A.;1
Herrera, E.V.;Vela, E.M.;1
Herrera, E.V.;Arce, V.A.;1
Herrera, E.V.;Molina, K.G.;1
Herrera, E.V.;Plaza, D.A.;1
Vela, E.M.;Arce, V.A.;1
Vela, E.M.;Molina, K.G.;1
Vela, E.M.;Plaza, D.A.;1
Arce, V.A.;Molina, K.G.;1
Arce, V.A.;Plaza, D.A.;1
Molina, K.G.;Plaza, D.A.;1
Flores, M.;Garzon, A.;1
Flores, M.;Arce, V.;1
Flores, M.;Plaza, D.;1
Garzon, A.;Arce, V.;1
Garzon, A.;Plaza, D.;1
Arce, V.;Plaza, D.;1
Coque, S.;Villavicencio, M.;1
Da Silva, B.;Braeken, A.;3
Da Silva, B.;Domínguez, F.;1
Da Silva, B.;Touhafi, A.;3
Braeken, A.;Domínguez, F.;1
Braeken, A.;Touhafi, A.;3
Domínguez, F.;Touhafi, A.;1
Echeverria, V.;Power, T.;1
Echeverria, V.;Hayes, C.;1
Martinez-Maldonado, R.;Power, T.;1
Martinez-Maldonado, R.;Hayes, C.;1
Power, T.;Hayes, C.;1
Power, T.;Shum, S.B.;1
Hayes, C.;Shum, S.B.;1
Garcia, J.C.;Avendaño, A.;1
Garcia, J.C.;Vaca, C.;1
Avendaño, A.;Vaca, C.;2
Gutiérrez, F.;Seipp, K.;1
Gutiérrez, F.;Ochoa, X.;1
Gutiérrez, F.;De Laet, T.;1
Gutiérrez, F.;Verbert, K.;1
Seipp, K.;Ochoa, X.;1
Seipp, K.;De Laet, T.;1
Seipp, K.;Verbert, K.;1
Ochoa, X.;De Laet, T.;1
Ochoa, X.;Verbert, K.;7
De Laet, T.;Verbert, K.;1
Cordova-Garcia, J.;Xie, D.;1
Cordova-Garcia, J.;Zhao, Y.;1
Cordova-Garcia, J.;Zuo, L.;1
Wang, X.;Xie, D.;1
Wang, X.;Zhao, Y.;1
Wang, X.;Zuo, L.;1
Xie, D.;Zhao, Y.;1
Xie, D.;Zuo, L.;1
Zhao, Y.;Zuo, L.;1
Rodes, V.;Cechinel, C.;1
Rodes, V.;Dos Santos, H.L.;1
Rodes, V.;Ochoa, X.;1
Rodes, V.;Alonso, G.E.;1
Cechinel, C.;Ochoa, X.;6
Dos Santos, H.L.;Ochoa, X.;3
Ochoa, X.;Alonso, G.E.;1
Martinez-Maldonado, R.;Prieto, L.P.;1
Martinez-Maldonado, R.;Ochoa, X.;1
Martinez-Maldonado, R.;Worsley, M.;1
Echeverria, V.;Prieto, L.P.;1
Echeverria, V.;Ochoa, X.;1
Echeverria, V.;Worsley, M.;1
Prieto, L.P.;Ochoa, X.;2
Prieto, L.P.;Worsley, M.;2
Ochoa, X.;Worsley, M.;5
Esparragoza, I.E.;Ocampo, J.;1
Esparragoza, I.E.;Rodriguez, J.;1
Esparragoza, I.E.;Lascano, S.;1
Esparragoza, I.E.;Ivashyn, U.;1
Ocampo, J.;Rodriguez, J.;1
Ocampo, J.;Lascano, S.;1
Ocampo, J.;Ivashyn, U.;1
Rodriguez, J.;Lascano, S.;1
Rodriguez, J.;Ivashyn, U.;1
Lascano, S.;Ivashyn, U.;1
Castro, R.;Ochoa, D.;3
Castro, R.;Criollo, R.;2
Castro, R.;Vaca, C.;2
Murillo, J.R.;Totoy, G.;1
Murillo, J.R.;Abad, C.L.;1
Totoy, G.;Abad, C.L.;1
Torres, J.;Abad, C.L.;1
Vaca, C.;Abad, C.L.;1
Ullón, H.;Zambrano, D.;1
Ullón, H.;Domínguez, F.;1
Zambrano, D.;Domínguez, F.;1
Dos Santos, H.L.;Nunes, J.B.C.;1
Cechinel, C.;Nunes, J.B.C.;1
Nunes, J.B.C.;Ochoa, X.;1
Luzardo, G.;Philips, W.;1
Aelterman, J.;Philips, W.;1
Luong, H.;Philips, W.;1
Rodríguez-Echeverría, J.;Gautama, S.;1
Rodríguez-Echeverría, J.;Ochoa, D.;1
Gautama, S.;Ochoa, D.;7
Narvaez, R.B.;Villacis, D.M.;1
Narvaez, R.B.;Chalen, T.M.;1
Narvaez, R.B.;Velasquez, W.;1
Villacis, D.M.;Chalen, T.M.;1
Villacis, D.M.;Velasquez, W.;1
Chalen, T.M.;Velasquez, W.;1
Liao, W.;Donoso, D.E.O.;1
Liao, W.;Van Coillie, F.;1
Liao, W.;Gautama, S.;1
Donoso, D.E.O.;Van Coillie, F.;1
Donoso, D.E.O.;Gautama, S.;1
Donoso, D.E.O.;Philips, W.;1
Van Coillie, F.;Gautama, S.;1
Van Coillie, F.;Philips, W.;1
Gautama, S.;Philips, W.;2
Douglas, A.;Idrovo, R.M.;1
Douglas, A.;Valencia, A.J.;1
Douglas, A.;Lopez, C.S.;1
Idrovo, R.M.;Valencia, A.J.;2
Idrovo, R.M.;Lopez, C.S.;1
Valencia, A.J.;Lopez, C.S.;1
Da Silva, B.;Dominguez, F.;2
Dominguez, F.;Braeken, A.;2
Dominguez, F.;Touhafi, A.;2
Rivera, D.E.;Martín, C.A.;2
Rivera, D.E.;Timms, K.P.;1
Rivera, D.E.;Nandola, N.N.;1
Rivera, D.E.;Hekler, E.B.;5
Martín, C.A.;Timms, K.P.;1
Martín, C.A.;Nandola, N.N.;1
Timms, K.P.;Nandola, N.N.;1
Timms, K.P.;Hekler, E.B.;1
Nandola, N.N.;Hekler, E.B.;1
Morales, L.E.M.;Monsalve, C.;2
Morales, L.E.M.;Villavicencio, M.;2
Monsalve, C.;Villavicencio, M.;2
Castro, R.;Kuffó, L.;1
Jimenez, A.;García, S.;1
Jimenez, A.;Peláez, E.;1
García, S.;Ochoa, X.;1
Peláez, E.;Ochoa, X.;3
Lozano, E.;Cedeño, J.;1
Lozano, E.;Castillo, G.;1
Lozano, E.;Lasso, H.;1
Lozano, E.;Vaca, C.;2
Cedeño, J.;Castillo, G.;1
Cedeño, J.;Lasso, H.;1
Cedeño, J.;Vaca, C.;1
Castillo, G.;Lasso, H.;1
Lasso, H.;Vaca, C.;1
Velasco, M.;San Lucas, C.;1
Velasco, M.;Ortiz, K.;1
Velasco, M.;Vélez, J.;1
Velasco, M.;Vaca, C.;1
San Lucas, C.;Ortiz, K.;1
San Lucas, C.;Vélez, J.;1
San Lucas, C.;Vaca, C.;1
Ortiz, K.;Vélez, J.;1
Vélez, J.;Vaca, C.;1
Fiallos, A.;Vaca, C.;1
Jimenes, K.;Vaca, C.;1
Jimenes, K.;Ochoa, X.;1
Vaca, C.;Ochoa, X.;1
Zambrano, O.;Avendaño, A.;1
Zambrano, O.;Yanez, W.;1
Zambrano, O.;Vaca, C.;1
Avendaño, A.;Yanez, W.;1
Yanez, W.;Vaca, C.;1
Echeverria, V.;Falcones, G.;2
Echeverria, V.;Castells, J.;2
Echeverria, V.;Chiluiza, K.;4
Falcones, G.;Martinez-Maldonado, R.;1
Falcones, G.;Chiluiza, K.;3
Castells, J.;Martinez-Maldonado, R.;1
Martinez-Maldonado, R.;Chiluiza, K.;2
Wong-Villacres, M.;Ehsan, U.;1
Wong-Villacres, M.;Solomon, A.;1
Wong-Villacres, M.;Buil, M.P.;1
Wong-Villacres, M.;Disalvo, B.;1
Ehsan, U.;Solomon, A.;1
Ehsan, U.;Buil, M.P.;1
Ehsan, U.;Disalvo, B.;1
Solomon, A.;Buil, M.P.;1
Solomon, A.;Disalvo, B.;1
Buil, M.P.;Disalvo, B.;1
Valencia, A.J.;Sappa, A.D.;1
Valencia, A.J.;Guingla, D.P.;1
Valencia, A.J.;Ochoa, D.;1
Idrovo, R.M.;Sappa, A.D.;1
Idrovo, R.M.;Guingla, D.P.;1
Idrovo, R.M.;Ochoa, D.;1
Sappa, A.D.;Guingla, D.P.;1
Sappa, A.D.;Ochoa, D.;1
Guingla, D.P.;Ochoa, D.;1
Puente, S.C.;Madrid, C.E.;1
Puente, S.C.;Realpe, M.;1
Puente, S.C.;Vintimilla, B.X.;1
Madrid, C.E.;Realpe, M.;1
Madrid, C.E.;Vintimilla, B.X.;1
Realpe, M.;Vintimilla, B.X.;2
Alvarado, A.;Bajaña, B.;1
Alvarado, A.;Munoz, J.A.;1
Alvarado, A.;Velásquez, W.;1
Bajaña, B.;Munoz, J.A.;1
Bajaña, B.;Velásquez, W.;1
Munoz, J.A.;Velásquez, W.;1
Boza, E.F.;San-Lucas, C.;1
Boza, E.F.;Viteri, J.A.;1
San-Lucas, C.;Abad, C.L.;2
San-Lucas, C.;Viteri, J.A.;1
Abad, C.L.;Viteri, J.A.;1
Abad, C.L.;Abad, A.G.;1
Abad, C.L.;Lucio, L.E.;1
Abad, A.G.;Lucio, L.E.;1
Xie, Q.;Pundir, M.;1
Xie, Q.;Lu, Y.;1
Xie, Q.;Abad, C.L.;1
Xie, Q.;Campbell, R.H.;1
Pundir, M.;Lu, Y.;1
Pundir, M.;Abad, C.L.;1
Pundir, M.;Campbell, R.H.;1
Lu, Y.;Abad, C.L.;3
Lu, Y.;Campbell, R.H.;3
Abad, C.L.;Campbell, R.H.;5
Vaca, C.;Peláez, E.;2
Molenaar, I.;Ochoa, X.;1
Molenaar, I.;Dawson, S.;1
Ochoa, X.;Dawson, S.;1
Spikol, D.;Worsley, M.;1
Spikol, D.;Prieto, L.P.;2
Spikol, D.;Rodríguez-Triana, M.J.;2
Spikol, D.;Cukurova, M.;1
Worsley, M.;Rodríguez-Triana, M.J.;1
Worsley, M.;Cukurova, M.;1
Prieto, L.P.;Rodríguez-Triana, M.J.;2
Prieto, L.P.;Cukurova, M.;1
Rodríguez-Triana, M.J.;Cukurova, M.;1
Munoz-Arcentales, A.;Yánez-Pazmino, W.;1
Munoz-Arcentales, A.;Vargas, W.V.;2
Yánez-Pazmino, W.;Vargas, W.V.;1
Vargas, W.V.;Rodríguez, J.S.;1
Munoz-Arcentales, A.;Rodríguez, J.S.;1
Villavicencio, M.;Revelo, H.V.;1
Revelo, H.V.;Pincay, J.;1
Morales, L.E.M.;Capel, M.I.;1
Veriñaz Jadan, H.I.;Martinez Vera, C.R.;1
Veriñaz Jadan, H.I.;Ponguillo, R.A.;1
Veriñaz Jadan, H.I.;Padilla, V.S.;1
Martinez Vera, C.R.;Ponguillo, R.A.;1
Martinez Vera, C.R.;Padilla, V.S.;1
Espinoza, J.R.;Padilla, V.S.;2
Espinoza, J.R.;Velasquez, W.;1
Padilla, V.S.;Velasquez, W.;1
Carrillo, G.E.;Villavicencio, M.;1
Carrillo, G.E.;Pincay, J.;1
Carrillo, G.E.;Boza, E.F.;1
Pincay, J.;Boza, E.F.;1
Lucas, P.;Astudillo, E.;2
Astudillo, E.;Peláez, E.;2
Oyola, A.;Romero, D.G.;1
Oyola, A.;Vintimilla, B.X.;1
Romero, D.G.;Vintimilla, B.X.;2
Peralta, J.A.;Padilla, V.S.;1
Peralta, J.A.;Espinoza, J.R.;1
Lopez, A.J.;Semanjski, I.;1
Lopez, A.J.;Ochoa, D.;2
Semanjski, I.;Gautama, S.;1
Semanjski, I.;Ochoa, D.;1
Falcones, G.;Granda, R.;1
Echeverria, V.;Buckingham Shum, S.;1
Martinez-Maldonado, R.;Buckingham Shum, S.;1
Chiluiza, K.;Buckingham Shum, S.;1
Aguilera, C.;Soria, X.;1
Aguilera, C.;Sappa, A.D.;1
Aguilera, C.;Toledo, R.;1
Soria, X.;Toledo, R.;1
Sappa, A.D.;Toledo, R.;5
Liao, W.;Castro, R.;1
Castro, R.;Bayona, O.;2
Mendoza, L.E.;Capel, M.I.;1
Mendieta, J.;Villavicencio, M.;1
Baquerizo, G.;Villavicencio, M.;2
Villavicencio, M.;Vaca, C.;2
Carvajal, J.A.;Romero, D.G.;1
Carvajal, J.A.;Sappa, A.D.;1
Romero, D.G.;Sappa, A.D.;2
Prieto, L.P.;Martínez-Maldonado, R.;1
Martínez-Maldonado, R.;Spikol, D.;1
Martínez-Maldonado, R.;Rodríguez-Triana, M.J.;1
Martínez-Maldonado, R.;Ochoa, X.;1
Spikol, D.;Ochoa, X.;1
Rodríguez-Triana, M.J.;Ochoa, X.;1
Aguilera, C.A.;Aguilera, F.J.;1
Aguilera, C.A.;Sappa, A.D.;4
Aguilera, C.A.;Toledo, R.;4
Aguilera, F.J.;Sappa, A.D.;1
Aguilera, F.J.;Toledo, R.;1
Cadena, A.;Carvajal, R.;1
Cadena, A.;Guaman, B.;1
Cadena, A.;Pelaez, E.;1
Cadena, A.;Chiluiza, K.;1
Carvajal, R.;Guaman, B.;1
Carvajal, R.;Pelaez, E.;1
Carvajal, R.;Chiluiza, K.;1
Guaman, B.;Pelaez, E.;1
Guaman, B.;Chiluiza, K.;2
Pelaez, E.;Chiluiza, K.;1
Falcones, G.;Wong-Villacres, M.;1
Falcones, G.;Barzola, V.E.;1
Wong-Villacres, M.;Barzola, V.E.;2
Wong-Villacres, M.;Chiluiza, K.;2
Barzola, V.E.;Chiluiza, K.;1
Asanza, V.;Ochoa, K.;1
Asanza, V.;Sacarelo, C.;1
Asanza, V.;Vaca, C.;1
Ochoa, K.;Sacarelo, C.;1
Ochoa, K.;Vaca, C.;1
Ochoa, K.;Pelaez, E.;1
Sacarelo, C.;Vaca, C.;1
Sacarelo, C.;Pelaez, E.;1
Vaca, C.;Pelaez, E.;1
Pita, O.;Baquerizo, G.;1
Pita, O.;Vaca, C.;1
Pita, O.;Villavicencio, M.;1
Pita, O.;Rodriguez, J.;1
Baquerizo, G.;Rodriguez, J.;1
Vaca, C.;Rodriguez, J.;1
Villavicencio, M.;Rodriguez, J.;1
Martin, C.A.;Rivera, D.E.;3
Martin, C.A.;Hekler, E.B.;4
Sappa, A.D.;Carvajal Ayala, J.A.;1
Aguilera, C.A.;Carvajal Ayala, J.A.;1
Aguilera, C.A.;Vintimilla, B.X.;1
Carvajal Ayala, J.A.;Vintimilla, B.X.;1
Carvajal Ayala, J.A.;Toledo, R.;1
Vintimilla, B.X.;Toledo, R.;1
Oliveira, M.;Dias, P.;3
Oliveira, M.;Moreira, A.P.;2
Santos, V.;Dias, P.;3
Santos, V.;Moreira, A.P.;2
Sappa, A.D.;Dias, P.;3
Sappa, A.D.;Moreira, A.P.;2
Dias, P.;Moreira, A.P.;2
Marin-Garcia, I.;Ramirez-Aguilera, A.M.;1
Marin-Garcia, I.;Guerra, V.;1
Marin-Garcia, I.;Rabadan, J.;1
Marin-Garcia, I.;Perez-Jimenez, R.;2
Ramirez-Aguilera, A.M.;Guerra, V.;1
Ramirez-Aguilera, A.M.;Rabadan, J.;1
Ramirez-Aguilera, A.M.;Perez-Jimenez, R.;1
Realpe, M.;Vlacic, L.;2
Vintimilla, B.X.;Vlacic, L.;1
Jimmy Banchon, Z.;Villavicencio, M.;1
Jimmy Banchon, Z.;Izquierdo, E.;1
Alcivar, I.;Abad, A.G.;1
Mendieta, J.;Suárez, S.;1
Mendieta, J.;Ochoa, D.;1
Mendieta, J.;Vergara, C.;1
Suárez, S.;Vaca, C.;1
Suárez, S.;Ochoa, D.;1
Suárez, S.;Vergara, C.;1
Vaca, C.;Ochoa, D.;1
Vaca, C.;Vergara, C.;1
Ochoa, D.;Vergara, C.;1
Torres, J.;Baquerizo, G.;1
Baquerizo, G.;Peláez, E.;1
Greer, J.;Molinaro, M.;1
Greer, J.;Ochoa, X.;1
Greer, J.;Mckay, T.;1
Molinaro, M.;Ochoa, X.;1
Molinaro, M.;Mckay, T.;1
Ochoa, X.;Mckay, T.;1
Ochoa, X.;Weibel, N.;1
Ochoa, X.;Oviatt, S.;1
Weibel, N.;Worsley, M.;1
Weibel, N.;Oviatt, S.;1
Worsley, M.;Oviatt, S.;1
Armijos, A.F.;Monsalve, C.;1
Armijos, A.F.;Ullón, R.H.;1
Armijos, A.F.;Maya, R.D.;1
Armijos, A.F.;Romero, J.A.;1
Monsalve, C.;Ullón, R.H.;1
Monsalve, C.;Maya, R.D.;1
Monsalve, C.;Romero, J.A.;1
Ullón, R.H.;Maya, R.D.;1
Ullón, R.H.;Romero, J.A.;1
Maya, R.D.;Romero, J.A.;1
Quiñonez, Y.;Luzardo, G.;1
Quiñonez, Y.;Granda, R.;1
Luzardo, G.;Granda, R.;1
Sanga, B.R.;Villavicencio, A.M.;1
Sanga, B.R.;Padilla, V.S.;1
Sanga, B.R.;Alvia, S.V.;1
Sanga, B.R.;Ponguillo, R.A.;1
Villavicencio, A.M.;Padilla, V.S.;1
Villavicencio, A.M.;Alvia, S.V.;1
Villavicencio, A.M.;Ponguillo, R.A.;1
Padilla, V.S.;Alvia, S.V.;1
Alvia, S.V.;Ponguillo, R.A.;1
Ponguillo, R.A.;Medina, C.V.;1
Jadan, H.I.V.;Vera, C.R.M.;1
Jadan, H.I.V.;Intriago, R.P.;1
Jadan, H.I.V.;Padilla, V.S.;1
Vera, C.R.M.;Intriago, R.P.;1
Vera, C.R.M.;Padilla, V.S.;1
Intriago, R.P.;Padilla, V.S.;1
Cadena, A.;Ponguillo, R.;1
Salgado, W.G.;Padilla, V.S.;1
Salgado, W.G.;Hidalgo, J.I.;1
Salgado, W.G.;Aguilar, P.A.;1
Padilla, V.S.;Hidalgo, J.I.;1
Padilla, V.S.;Aguilar, P.A.;1
Hidalgo, J.I.;Aguilar, P.A.;1
Echeverría, V.;Domínguez, F.;2
Echeverría, V.;Chiluiza, K.;5
Domínguez, F.;Chiluiza, K.;2
Wong-Villacres, M.;Granda, R.;1
Wong-Villacres, M.;Garcia, K.C.;1
Barzola, V.E.;Granda, R.;1
Barzola, V.E.;Garcia, K.C.;1
Granda, R.;Garcia, K.C.;1
Ochoa, D.;Cevallos, J.;1
Ochoa, D.;Vargas, G.;1
Cevallos, J.;Vargas, G.;1
Cevallos, J.;Castro, R.;1
Cevallos, J.;Bayona, O.;1
Vargas, G.;Castro, R.;1
Vargas, G.;Bayona, O.;1
Wong-Villacrés, M.;Granda, R.;1
Wong-Villacrés, M.;Ortiz, M.;1
Wong-Villacrés, M.;Chiluiza, K.;2
Granda, R.;Ortiz, M.;1
Ortiz, M.;Chiluiza, K.;2
Sen, R.;Quercia, D.;1
Sen, R.;Ruiz, C.V.;1
Sen, R.;Gummadi, K.P.;1
Quercia, D.;Ruiz, C.V.;2
Quercia, D.;Gummadi, K.P.;1
Ruiz, C.V.;Gummadi, K.P.;1
Poujol, J.;Aguilera, C.A.;1
Poujol, J.;Danos, E.;1
Poujol, J.;Toledo, R.;1
Poujol, J.;Sappa, A.D.;1
Aguilera, C.A.;Danos, E.;1
Danos, E.;Toledo, R.;1
Danos, E.;Sappa, A.D.;1
Brusilovsky, P.;Sharples, M.;1
Brusilovsky, P.;Alves, G.R.;1
Brusilovsky, P.;Ternier, S.;1
Brusilovsky, P.;Verbert, K.;1
Sharples, M.;Alves, G.R.;1
Sharples, M.;Ternier, S.;1
Sharples, M.;Verbert, K.;1
Alves, G.R.;Ternier, S.;1
Alves, G.R.;Verbert, K.;1
Ternier, S.;Verbert, K.;2
Oliveira, M.;Seabra Lopes, L.;1
Oliveira, M.;Lim, G.H.;1
Oliveira, M.;Tome, A.M.;1
Seabra Lopes, L.;Lim, G.H.;1
Seabra Lopes, L.;Sappa, A.D.;1
Seabra Lopes, L.;Tome, A.M.;1
Lim, G.H.;Sappa, A.D.;1
Lim, G.H.;Tome, A.M.;1
Sappa, A.D.;Tome, A.M.;1
Wong-Villacres, M.;Ortiz, M.;1
Wong-Villacres, M.;Echeverria, V.;1
Ortiz, M.;Echeverria, V.;1
Echeverría, V.;Ochoa, X.;2
Worsley, M.;Chiluiza, K.;3
Worsley, M.;Grafsgaard, J.F.;1
Chiluiza, K.;Grafsgaard, J.F.;1
Grafsgaard, J.F.;Ochoa, X.;1
Munoz, J.A.;Calero, V.;1
Munoz, J.A.;Marin, I.;1
Munoz, J.A.;Chavez, P.;1
Munoz, J.A.;Perez, R.;1
Calero, V.;Marin, I.;1
Calero, V.;Chavez, P.;1
Calero, V.;Perez, R.;1
Marin, I.;Chavez, P.;1
Marin, I.;Perez, R.;1
Chavez, P.;Perez, R.;1
Echeverría, V.;Guamán, B.;1
Granda, R.X.;Echeverría, V.;1
Granda, R.X.;Chiluiza, K.;1
Granda, R.X.;Wong-Villacrés, M.;1
Echeverría, V.;Wong-Villacrés, M.;1
Cajo, R.;Agila, W.;1
Realpe, M.;Vintimilla, B.;2
Vintimilla, B.;Vlacic, L.;1
Duval, E.;Verbert, K.;5
Duval, E.;Klerkx, J.;3
Duval, E.;Ochoa, X.;15
Duval, E.;Parra, D.;2
Verbert, K.;Klerkx, J.;2
Verbert, K.;Parra, D.;2
Klerkx, J.;Ochoa, X.;5
Klerkx, J.;Parra, D.;2
Ochoa, X.;Parra, D.;2
Monsalve, C.;Ullón, R.;1
Monsalve, C.;Maya, R.;1
Monsalve, C.;Romero, J.;1
Ullón, R.;Maya, R.;1
Ullón, R.;Romero, J.;1
Maya, R.;Romero, J.;1
Vásquez, A.;Peláez, E.;1
Vásquez, A.;Ochoa, X.;2
Monsalve, C.;Abran, A.;5
April, A.;Abran, A.;5
Villavicencio, M.;Abran, A.;6
Marin-Garcia, I.;Chavez-Burbano, P.;2
Marin-Garcia, I.;Muñoz-Arcentles, A.;1
Marin-Garcia, I.;Calero-Bravo, V.;1
Chavez-Burbano, P.;Muñoz-Arcentles, A.;1
Chavez-Burbano, P.;Calero-Bravo, V.;1
Muñoz-Arcentles, A.;Calero-Bravo, V.;1
Muñoz-Arcentles, A.;Perez-Jimenez, R.;1
Calero-Bravo, V.;Perez-Jimenez, R.;1
Romero, D.G.;Frizera, A.;1
Romero, D.G.;Bastos, T.F.;1
Frizera, A.;Sappa, A.D.;1
Frizera, A.;Vintimilla, B.X.;1
Frizera, A.;Bastos, T.F.;1
Sappa, A.D.;Bastos, T.F.;1
Vintimilla, B.X.;Bastos, T.F.;1
Vaca, C.;Quercia, D.;1
Vaca, C.;Bonchi, F.;1
Vaca, C.;Fraternali, P.;1
Quercia, D.;Bonchi, F.;1
Quercia, D.;Fraternali, P.;2
Bonchi, F.;Fraternali, P.;1
Monsalve, C.;Puyosa, H.;1
Monsalve, C.;Terán, L.;1
Puyosa, H.;Terán, L.;1
Dos Santos, H.L.;Carrillo, G.;1
Carrillo, G.;Cechinel, C.;2
Carrillo, G.;Ochoa, X.;2
Ochoa, X.;Luz, S.;2
Worsley, M.;Luz, S.;2
Chiluiza, K.;Luz, S.;2
Abad, A.G.;Jin, J.;1
Abad, A.G.;Son, Y.-J.;1
Jin, J.;Son, Y.-J.;1
Ruiz, C.V.;Aiello, L.M.;1
Ruiz, C.V.;Fraternali, P.;1
Quercia, D.;Aiello, L.M.;1
Aiello, L.M.;Fraternali, P.;1
Méndez, G.;Ochoa, X.;2
Méndez, G.;Chiluiza, K.;2
Chavez-Burbano, P.;Muñoz-Arcentales, A.;1
Marin-Garcia, I.;Muñoz-Arcentales, A.;1
Luzardo, G.;Guamán, B.;1
Luzardo, G.;Chiluiza, K.;2
Luzardo, G.;Castells, J.;1
Luzardo, G.;Ochoa, X.;1
Echeverría, V.;Avendaño, A.;1
Echeverría, V.;Vásquez, A.;1
Avendaño, A.;Chiluiza, K.;1
Avendaño, A.;Vásquez, A.;1
Avendaño, A.;Ochoa, X.;1
Chiluiza, K.;Vásquez, A.;1
Onkarappa, N.;Aguilera-Carrasco, C.A.;1
Onkarappa, N.;Vintimilla, B.X.;1
Onkarappa, N.;Sappa, A.D.;1
Aguilera-Carrasco, C.A.;Vintimilla, B.X.;2
Aguilera-Carrasco, C.A.;Sappa, A.D.;2
López, D.R.;Neto, A.F.;1
López, D.R.;Bastos, T.F.;1
Neto, A.F.;Bastos, T.F.;1
Amato, A.;Lumbreras, F.;1
Amato, A.;Sappa, A.D.;1
Lumbreras, F.;Sappa, A.D.;1
Ricaurte, P.;Chilán, C.;1
Ricaurte, P.;Aguilera-Carrasco, C.A.;1
Ricaurte, P.;Vintimilla, B.X.;1
Ricaurte, P.;Sappa, A.D.;1
Chilán, C.;Aguilera-Carrasco, C.A.;1
Chilán, C.;Vintimilla, B.X.;1
Chilán, C.;Sappa, A.D.;1
Vaca Ruiz, C.;Aiello, L.M.;1
Vaca Ruiz, C.;Jaimes, A.;1
Aiello, L.M.;Jaimes, A.;1
Vaca, C.;Mantrach, A.;1
Vaca, C.;Jaimes, A.;1
Vaca, C.;Saerens, M.;1
Mantrach, A.;Jaimes, A.;1
Mantrach, A.;Saerens, M.;1
Jaimes, A.;Saerens, M.;1
Martinez, M.;Villagra, F.;1
Martinez, M.;Loayza, F.;1
Martinez, M.;Fernandez-Seara, M.A.;1
Martinez, M.;Pastor, M.A.;1
Villagra, F.;Loayza, F.;1
Villagra, F.;Fernandez-Seara, M.A.;1
Villagra, F.;Pastor, M.A.;1
Loayza, F.;Fernandez-Seara, M.A.;1
Loayza, F.;Pastor, M.A.;1
Fernandez-Seara, M.A.;Pastor, M.A.;1
Méndez, G.;Guamán, B.;1
Méndez, G.;Castells, J.;1
Echeverría, V.;Gomez, J.C.;1
Echeverría, V.;Moens, M.-F.;1
Gomez, J.C.;Moens, M.-F.;1
Briones, J.M.;Coronel, M.A.;1
Briones, J.M.;Chavez-Burbano, P.;1
Coronel, M.A.;Chavez-Burbano, P.;1
Palavitsinis, N.;Klerkx, J.;1
Palavitsinis, N.;Ochoa, X.;1
Sicilia, M.-A.;Ochoa, X.;2
Sicilia, M.-A.;Stoitsis, G.;1
Sicilia, M.-A.;Klerkx, J.;1
Ochoa, X.;Stoitsis, G.;1
Stoitsis, G.;Klerkx, J.;1
Luzardo, G.;Guaman, B.;1
Cai, C.X.;Abad, C.L.;2
Cai, C.X.;Campbell, R.H.;2
Ezeta, J.H.;Mandow, A.;1
Ezeta, J.H.;Cerezo, A.G.;1
Mandow, A.;Cerezo, A.G.;1
Abad, C.L.;Yuan, M.;1
Abad, C.L.;Roberts, N.;2
Yuan, M.;Cai, C.X.;1
Yuan, M.;Roberts, N.;1
Yuan, M.;Campbell, R.H.;1
Cai, C.X.;Roberts, N.;1
Roberts, N.;Campbell, R.H.;2
Verbert, K.;Manouselis, N.;1
Verbert, K.;Bosnic, I.;1
Manouselis, N.;Ochoa, X.;1
Manouselis, N.;Bosnic, I.;1
Manouselis, N.;Duval, E.;1
Ochoa, X.;Bosnic, I.;1
Bosnic, I.;Duval, E.;1
Cechinel, C.;Da Camargo, S.S.;1
Cechinel, C.;Alonso, S.S.;1
Cechinel, C.;Sicilia, M.-A.;1
Da Camargo, S.S.;Ochoa, X.;1
Da Camargo, S.S.;Alonso, S.S.;1
Da Camargo, S.S.;Sicilia, M.-A.;1
Ochoa, X.;Alonso, S.S.;1
Alonso, S.S.;Sicilia, M.-A.;1
Abad, C.L.;Luu, H.;1
Luu, H.;Roberts, N.;1
Luu, H.;Lu, Y.;1
Luu, H.;Campbell, R.H.;1
Roberts, N.;Lu, Y.;1
Verbert, K.;Derntl, M.;1
Verbert, K.;Pardo, A.;1
Ochoa, X.;Derntl, M.;1
Ochoa, X.;Pardo, A.;1
Derntl, M.;Pardo, A.;1
Derntl, M.;Duval, E.;1
Pardo, A.;Duval, E.;1
Fraternali, P.;Castelletti, A.;1
Fraternali, P.;Soncini-Sessa, R.;1
Fraternali, P.;Vaca Ruiz, C.;1
Fraternali, P.;Rizzoli, A.E.;1
Castelletti, A.;Soncini-Sessa, R.;1
Castelletti, A.;Vaca Ruiz, C.;1
Castelletti, A.;Rizzoli, A.E.;1
Soncini-Sessa, R.;Vaca Ruiz, C.;1
Soncini-Sessa, R.;Rizzoli, A.E.;1
Vaca Ruiz, C.;Rizzoli, A.E.;1
Hurel, J.;Mandow, A.;1
Hurel, J.;García-Cerezo, A.;1
Mandow, A.;García-Cerezo, A.;1
De Vylder, J.;Ochoa, D.;3
De Vylder, J.;Philips, W.;3
De Vylder, J.;Chaerle, L.;3
De Vylder, J.;Van Der Straeten, D.;3
Ochoa, D.;Chaerle, L.;3
Ochoa, D.;Van Der Straeten, D.;3
Philips, W.;Chaerle, L.;3
Philips, W.;Van Der Straeten, D.;3
Chaerle, L.;Van Der Straeten, D.;3
Ochoa, X.;Vandeputte, B.;1
Klerkx, J.;Vandeputte, B.;1
Vandeputte, B.;Duval, E.;1
Abad, A.G.;Paynabar, K.;1
Abad, A.G.;Jin, J.J.;1
Paynabar, K.;Jin, J.J.;1
Ortega, A.P.;Marcos, X.E.;1
Ortega, A.P.;Chiang, L.D.;1
Ortega, A.P.;Abad, C.L.;1
Marcos, X.E.;Chiang, L.D.;1
Marcos, X.E.;Abad, C.L.;1
Chiang, L.D.;Abad, C.L.;1
Ternier, S.;Parra, G.;2
Ternier, S.;Ordóñez, V.;1
Ternier, S.;Ochoa, X.;2
Verbert, K.;Parra, G.;1
Verbert, K.;Ordóñez, V.;1
Parra, G.;Ordóñez, V.;1
Parra, G.;Ochoa, X.;2
Ordóñez, V.;Ochoa, X.;1
Rizvandi, N.B.;Pizurica, A.;1
Rizvandi, N.B.;Philips, W.;1
Rizvandi, N.B.;Ochoa, D.;1
Pizurica, A.;Philips, W.;1
Pizurica, A.;Ochoa, D.;1
Vuorikari, R.;Ochoa, X.;1
Vuorikari, R.;Duval, E.;1
Ochoa, D.;Vintimilla, B.;3
Gautama, S.;Vintimilla, B.;3
Gaspar, J.;Realpe, M.;1
Gaspar, J.;Vintimilla, B.;1
Gaspar, J.;Santos-Victor, J.;1
Realpe, M.;Santos-Victor, J.;1
Vintimilla, B.;Santos-Victor, J.;1
García, S.;Saad, M.;1
García, S.;Akhrif, O.;1
Saad, M.;Akhrif, O.;1
Ternier, S.;Duval, E.;1
Parra, G.;Duval, E.;1
Recalde, A.;Bozhko, S.;1
Recalde, A.;Atkin, J.;1
Recalde, A.;Hill, C.;1
Bozhko, S.;Atkin, J.;1
Bozhko, S.;Hill, C.;1
Atkin, J.;Hill, C.;1
Hekler, E.B.;Adams, M.A.;1
Hekler, E.B.;Buman, M.P.;2
Rivera, D.E.;Adams, M.A.;1
Rivera, D.E.;Buman, M.P.;1
Martin, C.A.;Adams, M.A.;1
Martin, C.A.;Buman, M.P.;2
Adams, M.A.;Buman, M.P.;1
Korinek, E.V.;Phatak, S.S.;1
Korinek, E.V.;Martin, C.A.;1
Korinek, E.V.;Buman, M.P.;1
Korinek, E.V.;Hekler, E.B.;1
Phatak, S.S.;Martin, C.A.;1
Phatak, S.S.;Buman, M.P.;1
