Id;Label
Campbell, R.H.;Campbell, R.H.
Ullón, R.;Ullón, R.
Calero-Bravo, V.;Calero-Bravo, V.
Carrillo, G.;Carrillo, G.
Chiluiza, K.;Chiluiza, K.
Torres, J.;Torres, J.
Rodríguez-Triana, M.J.;Rodríguez-Triana, M.J.
Arévalo-Avecillas, D.;Arévalo-Avecillas, D.
Wong-Villacrés, M.;Wong-Villacrés, M.
Ezeta, J.H.;Ezeta, J.H.
Gaspar, J.;Gaspar, J.
Arce, V.;Arce, V.
Arreaga, N.X.;Arreaga, N.X.
Merrett, G.V.;Merrett, G.V.
Grohmann, J.;Grohmann, J.
Manouselis, N.;Manouselis, N.
Falcones, G.;Falcones, G.
Vaca, D.;Vaca, D.
Pesantez, J.;Pesantez, J.
Disalvo, B.;Disalvo, B.
Munoz-Arcentales, J.A.;Munoz-Arcentales, J.A.
Castro-Valladares, L.;Castro-Valladares, L.
Intriago, R.P.;Intriago, R.P.
Akbarinia, A.;Akbarinia, A.
Gorotiza, J.;Gorotiza, J.
Zuo, L.;Zuo, L.
Jin, J.;Jin, J.
Pal, J.;Pal, J.
Salazar, D.S.;Salazar, D.S.
Armijos, A.F.;Armijos, A.F.
Evans, H.I.;Evans, H.I.
Asanza, V.;Asanza, V.
Granda, R.X.;Granda, R.X.
Vera, C.R.M.;Vera, C.R.M.
Parra, D.;Parra, D.
Díaz, P.;Díaz, P.
Coque, S.;Coque, S.
Wang, X.;Wang, X.
Diaz, J.;Diaz, J.
Rodes, V.;Rodes, V.
Flores, M.;Flores, M.
Plaza, D.A.;Plaza, D.A.
Maya, R.;Maya, R.
Ortega, A.P.;Ortega, A.P.
Fiallos, C.;Fiallos, C.
Pelaez, E.;Pelaez, E.
Rabadan, J.;Rabadan, J.
Vaca, C.;Vaca, C.
Carvajal Ayala, J.A.;Carvajal Ayala, J.A.
Godoy, C.;Godoy, C.
Luu, H.;Luu, H.
Sharples, M.;Sharples, M.
Castillo-Lopez, G.;Castillo-Lopez, G.
Lara, P.;Lara, P.
Cechinel, C.;Cechinel, C.
Alvia, S.V.;Alvia, S.V.
Quimba, S.;Quimba, S.
Altamirano, C.A.;Altamirano, C.A.
Nandola, N.N.;Nandola, N.N.
Korinek, E.V.;Korinek, E.V.
Villavicencio, A.M.;Villavicencio, A.M.
Boza, E.F.;Boza, E.F.
Oviedo, I.D.;Oviedo, I.D.
Chalen, M.;Chalen, M.
Timms, K.P.;Timms, K.P.
Constantine, A.;Constantine, A.
Chalén, T.M.;Chalén, T.M.
Mendieta, J.;Mendieta, J.
Jurado-Verdu, C.;Jurado-Verdu, C.
Fiallos, A.;Fiallos, A.
Pastor, M.A.;Pastor, M.A.
Velasquez, W.;Velasquez, W.
Pino, R.;Pino, R.
Martinez, M.;Martinez, M.
Rodriguez, J.S.;Rodriguez, J.S.
Hidalgo, J.I.;Hidalgo, J.I.
Velasquez Vargas, W.A.;Velasquez Vargas, W.A.
Solomon, A.;Solomon, A.
Rosero, S.;Rosero, S.
Abad, A.G.;Abad, A.G.
Veriñaz, H.I.;Veriñaz, H.I.
Jimenez, A.;Jimenez, A.
Walter, J.;Walter, J.
Murillo, J.;Murillo, J.
García, J.;García, J.
Intriago, R.;Intriago, R.
Marin, I.;Marin, I.
García-Cerezo, A.;García-Cerezo, A.
Realpe, M.;Realpe, M.
Valencia, A.J.;Valencia, A.J.
Totoy, G.;Totoy, G.
Hayes, C.;Hayes, C.
Jin, J.J.;Jin, J.J.
Bezemer, C.-P.;Bezemer, C.-P.
Suarez, P.L.;Suarez, P.L.
Bonchi, F.;Bonchi, F.
Castells, J.;Castells, J.
Ullón, R.H.;Ullón, R.H.
Vlacic, L.;Vlacic, L.
Santos, V.;Santos, V.
Cajo, R.;Cajo, R.
Ochoa, X.;Ochoa, X.
Muñoz, L.;Muñoz, L.
Seipp, K.;Seipp, K.
Suárez, P.L.;Suárez, P.L.
Rousseaux, S.;Rousseaux, S.
Van Eyk, E.;Van Eyk, E.
Martin, C.A.;Martin, C.A.
Hekler, E.B.;Hekler, E.B.
Molinaro, M.;Molinaro, M.
Maya, R.D.;Maya, R.D.
De Keyser, R.;De Keyser, R.
Touhafi, A.;Touhafi, A.
Vishwanath, A.;Vishwanath, A.
Grafsgaard, J.F.;Grafsgaard, J.F.
Eras, L.;Eras, L.
Martínez-Maldonado, R.;Martínez-Maldonado, R.
Cordova Estrella, R.;Cordova Estrella, R.
Ionescu, C.M.;Ionescu, C.M.
Son, Y.-J.;Son, Y.-J.
Saerens, M.;Saerens, M.
Estrada, R.L.;Estrada, R.L.
Pita, O.;Pita, O.
Cordova-Garcia, J.;Cordova-Garcia, J.
Cedeño, J.;Cedeño, J.
Viteri, J.A.;Viteri, J.A.
Phatak, S.S.;Phatak, S.S.
Vélez, J.;Vélez, J.
Cipriano, D.;Cipriano, D.
Padilla, V.S.;Padilla, V.S.
Arana, R.C.;Arana, R.C.
Revelo, H.V.;Revelo, H.V.
Encalada, A.;Encalada, A.
Ordoñez, D.M.;Ordoñez, D.M.
Padilla-Lozano, C.;Padilla-Lozano, C.
Echeverria, V.;Echeverria, V.
Van Der Straeten, D.;Van Der Straeten, D.
Desiderio, K.;Desiderio, K.
Concha, A.G.;Concha, A.G.
Crow, J.J.;Crow, J.J.
Dye, M.;Dye, M.
Cruz, L.G.;Cruz, L.G.
Cordova-Villagomez, J.;Cordova-Villagomez, J.
Kuffo, L.;Kuffo, L.
Blazquez, F.;Blazquez, F.
Minh Nguyen, D.;Minh Nguyen, D.
Moreira, V.;Moreira, V.
Garcia, K.C.;Garcia, K.C.
Guaranda, M.-B.;Guaranda, M.-B.
Cedeno, J.;Cedeno, J.
Chaerle, L.;Chaerle, L.
Peláez, E.;Peláez, E.
Ionescu, C.;Ionescu, C.
Boza, E.;Boza, E.
Poujol, J.;Poujol, J.
Bozhko, S.;Bozhko, S.
Dias, P.;Dias, P.
Conati, C.;Conati, C.
Huilcapi, V.;Huilcapi, V.
Agila, W.;Agila, W.
Xie, Q.;Xie, Q.
Moens, M.-F.;Moens, M.-F.
Lu, Y.;Lu, Y.
Casas, A.P.;Casas, A.P.
Vela, E.M.;Vela, E.M.
Andrade, B.;Andrade, B.
Martinez-Maldonado, R.;Martinez-Maldonado, R.
Arce, V.A.;Arce, V.A.
Aguilar, P.A.;Aguilar, P.A.
Alcivar-Molina, E.;Alcivar-Molina, E.
Van Gheluwe, C.;Van Gheluwe, C.
Loayza, F.;Loayza, F.
Cadena, A.;Cadena, A.
Ortiz-Aviles, L.;Ortiz-Aviles, L.
Hidasi, B.;Hidasi, B.
Pinargote, A.;Pinargote, A.
Villegas, P.;Villegas, P.
Baidal, C.S.;Baidal, C.S.
Luzardo, G.;Luzardo, G.
Vargas, G.;Vargas, G.
Sola-Mora, J.;Sola-Mora, J.
Ivashyn, U.;Ivashyn, U.
Villavicencio, J.;Villavicencio, J.
Ferrin, A.;Ferrin, A.
San Lucas, C.;San Lucas, C.
Guaman, B.;Guaman, B.
De Vylder, J.;De Vylder, J.
Castelletti, A.;Castelletti, A.
Vuorikari, R.;Vuorikari, R.
Da Camargo, S.S.;Da Camargo, S.S.
Lemos dos Santos, H.;Lemos dos Santos, H.
Salazar, C.;Salazar, C.
Deligiannis, N.;Deligiannis, N.
Izquierdo, E.;Izquierdo, E.
Van Coillie, F.;Van Coillie, F.
Sacarelo, C.;Sacarelo, C.
Romero, J.;Romero, J.
De Lourdes Pilay, M.;De Lourdes Pilay, M.
Garcia, J.C.;Garcia, J.C.
Prieto, L.P.;Prieto, L.P.
Oviatt, S.;Oviatt, S.
Cortez, D.;Cortez, D.
Romero, D.;Romero, D.
Chavez-Burbano, P.;Chavez-Burbano, P.
Baquerizo, G.;Baquerizo, G.
Castro, D.;Castro, D.
Cevallos, H.;Cevallos, H.
Vintimilla, B.X.;Vintimilla, B.X.
Dominguez, F.;Dominguez, F.
Dawson, S.;Dawson, S.
Ortiz, M.;Ortiz, M.
Valarezo, E.;Valarezo, E.
Hurel, J.;Hurel, J.
Eslambolchilar, P.;Eslambolchilar, P.
MacArini, L.A.;MacArini, L.A.
Charco, J.L.;Charco, J.L.
Guingla, D.P.;Guingla, D.P.
Plaza, D.;Plaza, D.
Semanjski, I.;Semanjski, I.
Verbert, K.;Verbert, K.
Lascano, S.;Lascano, S.
Salvachúa, J.;Salvachúa, J.
April, A.;April, A.
Herrera, E.V.;Herrera, E.V.
Moreira, A.P.;Moreira, A.P.
Ortiz-Rojas, M.;Ortiz-Rojas, M.
Molenaar, I.;Molenaar, I.
Klerkx, J.;Klerkx, J.
Ramchurn, S.D.;Ramchurn, S.D.
Adams, M.A.;Adams, M.A.
Roberts, N.;Roberts, N.
Quiñonez, Y.;Quiñonez, Y.
Ponguillo, R.;Ponguillo, R.
Aguilera, C.;Aguilera, C.
Montoya, A.;Montoya, A.
Xie, D.;Xie, D.
Millan, M.E.;Millan, M.E.
Paynabar, K.;Paynabar, K.
Perez-Jimenez, R.;Perez-Jimenez, R.
Martinez, C.;Martinez, C.
Brusilovsky, P.;Brusilovsky, P.
Salvachua, J.;Salvachua, J.
Worsley, M.;Worsley, M.
Terán, L.;Terán, L.
Vaca Ruiz, C.;Vaca Ruiz, C.
Mendoza, L.E.;Mendoza, L.E.
Quimis, M.;Quimis, M.
Alonso, G.E.;Alonso, G.E.
Sappa, A.D.;Sappa, A.D.
Lucas, P.;Lucas, P.
Jiménez, A.;Jiménez, A.
Cevallos, J.;Cevallos, J.
Tsiligianni, E.;Tsiligianni, E.
Romero, D.G.;Romero, D.G.
Luz, S.;Luz, S.
Rizzoli, A.E.;Rizzoli, A.E.
Gawanmeh, A.;Gawanmeh, A.
Estrada-Cedeno, P.;Estrada-Cedeno, P.
Hernandez, J.;Hernandez, J.
Puyosa, H.;Puyosa, H.
Vargas, W.V.;Vargas, W.V.
Gutiérrez, F.;Gutiérrez, F.
Espinoza, J.R.;Espinoza, J.R.
Kumar, A.;Kumar, A.
Chilán, C.;Chilán, C.
Hill, C.;Hill, C.
Copot, C.;Copot, C.
Atkin, J.;Atkin, J.
Vásquez, A.;Vásquez, A.
Mantrach, A.;Mantrach, A.
Sicilia, M.-A.;Sicilia, M.-A.
Luong, H.;Luong, H.
Bonilla, R.I.;Bonilla, R.I.
Kumar, N.;Kumar, N.
Coronel, M.A.;Coronel, M.A.
"Łuszczak, A.";Łuszczak, A.
Cerezo, A.G.;Cerezo, A.G.
López, D.R.;López, D.R.
Granda, R.;Granda, R.
Frizera, A.;Frizera, A.
Madrid, C.E.;Madrid, C.E.
Alvarado, A.;Alvarado, A.
Chalen, T.M.;Chalen, T.M.
Rengifo, J.;Rengifo, J.
Avendaño, A.;Avendaño, A.
Sanga, B.R.;Sanga, B.R.
Lim, G.H.;Lim, G.H.
Gautama, S.;Gautama, S.
Donoso, D.E.O.;Donoso, D.E.O.
Romero, J.A.;Romero, J.A.
Braeken, A.;Braeken, A.
Nunes, J.B.C.;Nunes, J.B.C.
de la Escalera, A.;de la Escalera, A.
Lopez, A.J.;Lopez, A.J.
Ehsan, U.;Ehsan, U.
Greer, J.;Greer, J.
Rodriguez, J.;Rodriguez, J.
Do, T.H.;Do, T.H.
Chavez, P.;Chavez, P.
Liao, W.;Liao, W.
Ricaurte, P.;Ricaurte, P.
Iosup, A.;Iosup, A.
Murillo, J.R.;Murillo, J.R.
San-Lucas, C.;San-Lucas, C.
Ramirez-Aguilera, A.M.;Ramirez-Aguilera, A.M.
Mena, L.;Mena, L.
Velásquez, W.;Velásquez, W.
Oliveira, M.;Oliveira, M.
Carrillo, G.E.;Carrillo, G.E.
Quelal, R.;Quelal, R.
Chiang, L.D.;Chiang, L.D.
Cukurova, M.;Cukurova, M.
Nunez-Idrovo, L.;Nunez-Idrovo, L.
Aelterman, J.;Aelterman, J.
Yánez-Pazmino, W.;Yánez-Pazmino, W.
Mac, T.T.;Mac, T.T.
Fernandez-Seara, M.A.;Fernandez-Seara, M.A.
Bruckman, A.;Bruckman, A.
Duval, E.;Duval, E.
Méndez, G.;Méndez, G.
Mendieta, M.;Mendieta, M.
Monsalve, C.;Monsalve, C.
Alcivar, R.;Alcivar, R.
Alvarez-Alvarado, M.S.;Alvarez-Alvarado, M.S.
Bayona, O.;Bayona, O.
Endara, I.;Endara, I.
Seabra Lopes, L.;Seabra Lopes, L.
Alcivar, I.;Alcivar, I.
Loayza, K.;Loayza, K.
Ferguson, R.;Ferguson, R.
Campana, F.;Campana, F.
DiSalvo, B.;DiSalvo, B.
Shum, S.B.;Shum, S.B.
Weibel, N.;Weibel, N.
Saad, M.;Saad, M.
Fraternali, P.;Fraternali, P.
Pilco, N.;Pilco, N.
Eyk, E.V.;Eyk, E.V.
Alves, G.R.;Alves, G.R.
Bajaña, B.;Bajaña, B.
Collaguazo-Jaramillo, A.;Collaguazo-Jaramillo, A.
Puente, S.C.;Puente, S.C.
Montes, H.;Montes, H.
Guamán, B.;Guamán, B.
Bosnic, I.;Bosnic, I.
Loayza, F.R.;Loayza, F.R.
Bastos, T.F.;Bastos, T.F.
Plaza, J.A.;Plaza, J.A.
Munoz, J.A.;Munoz, J.A.
Buil, M.P.;Buil, M.P.
Mckay, T.;Mckay, T.
Marin-Garcia, I.;Marin-Garcia, I.
Quelal, R.E.;Quelal, R.E.
Rugel, G.M.V.;Rugel, G.M.V.
Oyola, A.;Oyola, A.
Gonzalez, A.;Gonzalez, A.
Zambrano, O.;Zambrano, O.
Recalde, A.;Recalde, A.
Palavitsinis, N.;Palavitsinis, N.
Parra, G.;Parra, G.
Briones, J.M.;Briones, J.M.
Zhao, Y.;Zhao, Y.
Jácome, L.;Jácome, L.
Karusala, N.;Karusala, N.
Ferme, V.;Ferme, V.
Hammoud, R.I.;Hammoud, R.I.
Morales, L.E.M.;Morales, L.E.M.
Barzola, V.E.;Barzola, V.E.
Vintimilla, B.;Vintimilla, B.
Kuffó, L.;Kuffó, L.
Vaca Ruiz, C.K.;Vaca Ruiz, C.K.
Schlesinger, A.;Schlesinger, A.
Ocampo, J.;Ocampo, J.
Panchana, F.;Panchana, F.
Talluri, S.;Talluri, S.
Willnecker, F.;Willnecker, F.
García, S.;García, S.
Lucio, L.E.;Lucio, L.E.
Pincay, J.;Pincay, J.
Ruiz, C.V.;Ruiz, C.V.
Calero, V.;Calero, V.
Villalba, R.;Villalba, R.
Castro, S.J.;Castro, S.J.
Jadan, H.I.V.;Jadan, H.I.V.
Boratto, L.;Boratto, L.
Rodríguez-Echeverría, J.;Rodríguez-Echeverría, J.
Lumbreras, F.;Lumbreras, F.
Cruz, E.;Cruz, E.
Villagra, F.;Villagra, F.
Alomari, A.;Alomari, A.
Martín, C.A.;Martín, C.A.
Jimmy Banchon, Z.;Jimmy Banchon, Z.
Aiello, L.M.;Aiello, L.M.
Macarini, L.A.;Macarini, L.A.
Bosquez, C.;Bosquez, C.
Caio, R.;Caio, R.
Derntl, M.;Derntl, M.
Lasso, H.;Lasso, H.
Castro, R.;Castro, R.
Power, T.;Power, T.
Velasco, M.;Velasco, M.
Recalde, L.;Recalde, L.
De Laet, T.;De Laet, T.
Vandeputte, B.;Vandeputte, B.
Soria, X.;Soria, X.
Neto, A.F.;Neto, A.F.
Ochoa, A.;Ochoa, A.
Carvajal, R.;Carvajal, R.
Toledo, R.;Toledo, R.
Molina, M.;Molina, M.
Amato, A.;Amato, A.
Vergara, C.;Vergara, C.
Rivera, D.E.;Rivera, D.E.
Verticale, G.;Verticale, G.
Lozano, E.;Lozano, E.
Collaguazo Jaramillo, A.;Collaguazo Jaramillo, A.
Gray, M.L.;Gray, M.L.
Romero, C.;Romero, C.
Mora, H.;Mora, H.
Valcke, M.;Valcke, M.
Esparragoza, I.E.;Esparragoza, I.E.
Alonso, S.S.;Alonso, S.S.
Buckingham Shum, S.;Buckingham Shum, S.
Aguilera-Carrasco, C.A.;Aguilera-Carrasco, C.A.
Suárez, S.;Suárez, S.
Abad, C.;Abad, C.
Marcos, X.E.;Marcos, X.E.
Aragon, H.;Aragon, H.
Lopez, C.S.;Lopez, C.S.
Jiménes, K.;Jiménes, K.
Braganza, S.;Braganza, S.
Aller, J.M.;Aller, J.M.
Capel, M.I.;Capel, M.I.
Sen, R.;Sen, R.
Freigoun, M.T.;Freigoun, M.T.
Carvajal, J.A.;Carvajal, J.A.
Aguilera, F.J.;Aguilera, F.J.
Parrales, J.;Parrales, J.
Quercia, D.;Quercia, D.
Yuan, M.;Yuan, M.
Stoitsis, G.;Stoitsis, G.
Layedra, F.;Layedra, F.
Ternier, S.;Ternier, S.
Martinez Vera, C.R.;Martinez Vera, C.R.
Echeverría, V.;Echeverría, V.
Jurado, D.;Jurado, D.
Wong-Villacres, M.;Wong-Villacres, M.
Ullón, H.;Ullón, H.
Garzon, A.;Garzon, A.
Ponguillo, R.A.;Ponguillo, R.A.
Jimenes, K.;Jimenes, K.
Ochoa, K.;Ochoa, K.
Rodríguez, J.S.;Rodríguez, J.S.
Klasnja, P.;Klasnja, P.
Munoz-Arcentales, A.;Munoz-Arcentales, A.
Akhrif, O.;Akhrif, O.
Astudillo, E.;Astudillo, E.
Andrade, X.;Andrade, X.
Peralta, J.A.;Peralta, J.A.
Vaca-Urbano, F.;Vaca-Urbano, F.
Rivadeneira, R.E.;Rivadeneira, R.E.
Gummadi, K.P.;Gummadi, K.P.
Cobos, R.;Cobos, R.
Villavicencio, M.;Villavicencio, M.
Salgado, W.G.;Salgado, W.G.
Pundir, M.;Pundir, M.
Aguilera, C.A.;Aguilera, C.A.
Medina, C.V.;Medina, C.V.
Da Silva, B.;Da Silva, B.
Guerra, V.;Guerra, V.
Jaimes, A.;Jaimes, A.
Miño, M.F.;Miño, M.F.
Danos, E.;Danos, E.
Molina, K.G.;Molina, K.G.
Figueroa, S.;Figueroa, S.
Ordóñez, V.;Ordóñez, V.
Perez, R.;Perez, R.
Teran, E.;Teran, E.
Rizvandi, N.B.;Rizvandi, N.B.
Ortiz, K.;Ortiz, K.
Douglas, A.;Douglas, A.
Spikol, D.;Spikol, D.
Cai, C.X.;Cai, C.X.
Pizurica, A.;Pizurica, A.
Narvaez, R.B.;Narvaez, R.B.
Buman, M.P.;Buman, M.P.
Veriñaz Jadan, H.I.;Veriñaz Jadan, H.I.
Abran, A.;Abran, A.
Pardo, A.;Pardo, A.
Abad, C.L.;Abad, C.L.
Aumala, G.;Aumala, G.
Zambrano, D.;Zambrano, D.
Onkarappa, N.;Onkarappa, N.
Orellana Fantoni, C.;Orellana Fantoni, C.
Gomez, J.C.;Gomez, J.C.
Santos-Victor, J.;Santos-Victor, J.
Muñoz-Arcentales, A.;Muñoz-Arcentales, A.
Larrea, J.;Larrea, J.
Valle, D.;Valle, D.
Bustamante, J.C.;Bustamante, J.C.
Muñoz-Arcentles, A.;Muñoz-Arcentles, A.
Philips, W.;Philips, W.
Tome, A.M.;Tome, A.M.
Rottondi, C.;Rottondi, C.
Idrovo, R.M.;Idrovo, R.M.
Merceron, A.;Merceron, A.
Cevallos-Cevallos, J.;Cevallos-Cevallos, J.
Intriago, G.;Intriago, G.
Criollo, R.;Criollo, R.
Ochoa, D.;Ochoa, D.
Villacis, D.M.;Villacis, D.M.
Mandow, A.;Mandow, A.
Domínguez, F.;Domínguez, F.
De Kevser, R.;De Kevser, R.
Eismann, S.;Eismann, S.
Xie, D.-L.;Xie, D.-L.
Basantes, L.S.;Basantes, L.S.
Yanez, W.;Yanez, W.
Dos Santos, H.L.;Dos Santos, H.L.
Castillo, G.;Castillo, G.
Soncini-Sessa, R.;Soncini-Sessa, R.
